,market,candle_date_time_utc,candle_date_time_kst,opening_price,high_price,low_price,trade_price,timestamp,candle_acc_trade_price,candle_acc_trade_volume,prev_closing_price,change_price,change_rate,converted_trade_price,ma_25,ma_30,market_ichimoku,candle_date_time_utc_ichimoku,candle_date_time_kst_ichimoku,opening_price_ichimoku,high_price_ichimoku,low_price_ichimoku,trade_price_ichimoku,candle_acc_trade_price_ichimoku,candle_acc_trade_volume_ichimoku,prev_closing_price_ichimoku,change_price_ichimoku,change_rate_ichimoku,converted_trade_price_ichimoku,conversion_line,base_line,leading_span_a,leading_span_b,golden_cross,price_breakout,buy_signal,sell_signal
0,KRW-BTC,2024-05-25T00:00:00,2024-05-25T09:00:00,95214000.0,96598000.0,95192000.0,96240000.0,2024-05-25 09:00:00,139437862033.11826,1452.89641348,95214000.0,1026000.0,0.0107757263,,,,KRW-BTC,2024-05-25T00:00:00,2024-05-25T09:00:00,95214000.0,96598000.0,95192000.0,96240000.0,139437862033.11826,1452.89641348,95214000.0,1026000.0,0.0107757263,,,,,,,,,
1,KRW-BTC,2024-05-26T00:00:00,2024-05-26T09:00:00,96240000.0,96590000.0,95400000.0,95610000.0,2024-05-26 09:00:00,152194945654.3936,1583.87158304,96240000.0,-630000.0,-0.0065461347,,,,KRW-BTC,2024-05-26T00:00:00,2024-05-26T09:00:00,96240000.0,96590000.0,95400000.0,95610000.0,152194945654.3936,1583.87158304,96240000.0,-630000.0,-0.0065461347,,,,,,,,,
2,KRW-BTC,2024-05-27T00:00:00,2024-05-27T09:00:00,95634000.0,97360000.0,95050000.0,96050000.0,2024-05-27 09:00:00,256303977047.8687,2667.48347563,95610000.0,440000.0,0.0046020291,,,,KRW-BTC,2024-05-27T00:00:00,2024-05-27T09:00:00,95634000.0,97360000.0,95050000.0,96050000.0,256303977047.8687,2667.48347563,95610000.0,440000.0,0.0046020291,,,,,,,,,
3,KRW-BTC,2024-05-28T00:00:00,2024-05-28T09:00:00,96050000.0,96119000.0,93654000.0,94600000.0,2024-05-28 09:00:00,300604135784.2556,3176.96320333,96050000.0,-1450000.0,-0.015096304,,,,KRW-BTC,2024-05-28T00:00:00,2024-05-28T09:00:00,96050000.0,96119000.0,93654000.0,94600000.0,300604135784.2556,3176.96320333,96050000.0,-1450000.0,-0.015096304,,,,,,,,,
4,KRW-BTC,2024-05-29T00:00:00,2024-05-29T09:00:00,94654000.0,95232000.0,93440000.0,93910000.0,2024-05-29 09:00:00,233226273178.99045,2475.18788783,94600000.0,-690000.0,-0.0072938689,,,,KRW-BTC,2024-05-29T00:00:00,2024-05-29T09:00:00,94654000.0,95232000.0,93440000.0,93910000.0,233226273178.99045,2475.18788783,94600000.0,-690000.0,-0.0072938689,,,,,,,,,
5,KRW-BTC,2024-05-30T00:00:00,2024-05-30T09:00:00,93910000.0,96120000.0,93620000.0,94943000.0,2024-05-30 09:00:00,255996014541.8591,2703.78621192,93910000.0,1033000.0,0.0109998935,,,,KRW-BTC,2024-05-30T00:00:00,2024-05-30T09:00:00,93910000.0,96120000.0,93620000.0,94943000.0,255996014541.8591,2703.78621192,93910000.0,1033000.0,0.0109998935,,,,,,,,,
6,KRW-BTC,2024-05-31T00:00:00,2024-05-31T09:00:00,95005000.0,96000000.0,93700000.0,94505000.0,2024-05-31 09:00:00,209050615252.5121,2203.22332533,94943000.0,-438000.0,-0.0046132943,,,,KRW-BTC,2024-05-31T00:00:00,2024-05-31T09:00:00,95005000.0,96000000.0,93700000.0,94505000.0,209050615252.5121,2203.22332533,94943000.0,-438000.0,-0.0046132943,,,,,,,,,
7,KRW-BTC,2024-06-01T00:00:00,2024-06-01T09:00:00,94504000.0,94850000.0,94361000.0,94720000.0,2024-06-01 09:00:00,58706044440.81196,620.25035104,94505000.0,215000.0,0.0022750119,,,,KRW-BTC,2024-06-01T00:00:00,2024-06-01T09:00:00,94504000.0,94850000.0,94361000.0,94720000.0,58706044440.81196,620.25035104,94505000.0,215000.0,0.0022750119,,,,,,,,,
8,KRW-BTC,2024-06-02T00:00:00,2024-06-02T09:00:00,94762000.0,95626000.0,94500000.0,95000000.0,2024-06-02 09:00:00,105872261448.48648,1113.85982666,94720000.0,280000.0,0.0029560811,,,,KRW-BTC,2024-06-02T00:00:00,2024-06-02T09:00:00,94762000.0,95626000.0,94500000.0,95000000.0,105872261448.48648,1113.85982666,94720000.0,280000.0,0.0029560811,,95400000.0,,,,,,,
9,KRW-BTC,2024-06-03T00:00:00,2024-06-03T09:00:00,95000000.0,97358000.0,94825000.0,95994000.0,2024-06-03 09:00:00,267415381863.87976,2779.47684838,95000000.0,994000.0,0.0104631579,,,,KRW-BTC,2024-06-03T00:00:00,2024-06-03T09:00:00,95000000.0,97358000.0,94825000.0,95994000.0,267415381863.87976,2779.47684838,95000000.0,994000.0,0.0104631579,,95400000.0,,,,,,,
10,KRW-BTC,2024-06-04T00:00:00,2024-06-04T09:00:00,95994000.0,97927000.0,95520000.0,97500000.0,2024-06-04 09:00:00,261246188651.128,2699.30531296,95994000.0,1506000.0,0.0156884805,,,,KRW-BTC,2024-06-04T00:00:00,2024-06-04T09:00:00,95994000.0,97927000.0,95520000.0,97500000.0,261246188651.128,2699.30531296,95994000.0,1506000.0,0.0156884805,,95683500.0,,,,,,,
11,KRW-BTC,2024-06-05T00:00:00,2024-06-05T09:00:00,97490000.0,98989000.0,97280000.0,98385000.0,2024-06-05 09:00:00,266052740201.06946,2709.00469092,97500000.0,885000.0,0.0090769231,,,,KRW-BTC,2024-06-05T00:00:00,2024-06-05T09:00:00,97490000.0,98989000.0,97280000.0,98385000.0,266052740201.06946,2709.00469092,97500000.0,885000.0,0.0090769231,,96214500.0,,,,,,,
12,KRW-BTC,2024-06-06T00:00:00,2024-06-06T09:00:00,98385000.0,99400000.0,98009000.0,98334000.0,2024-06-06 09:00:00,219522291452.61084,2226.53984487,98385000.0,-51000.0,-0.0005183717,,,,KRW-BTC,2024-06-06T00:00:00,2024-06-06T09:00:00,98385000.0,99400000.0,98009000.0,98334000.0,219522291452.61084,2226.53984487,98385000.0,-51000.0,-0.0005183717,,96420000.0,,,,,,,
13,KRW-BTC,2024-06-07T00:00:00,2024-06-07T09:00:00,98320000.0,99650000.0,97219000.0,97919000.0,2024-06-07 09:00:00,326990960605.8829,3319.13194888,98334000.0,-415000.0,-0.0042203104,,,,KRW-BTC,2024-06-07T00:00:00,2024-06-07T09:00:00,98320000.0,99650000.0,97219000.0,97919000.0,326990960605.8829,3319.13194888,98334000.0,-415000.0,-0.0042203104,,96635000.0,,,,,,,
14,KRW-BTC,2024-06-08T00:00:00,2024-06-08T09:00:00,97919000.0,98278000.0,97750000.0,98125000.0,2024-06-08 09:00:00,106163964517.00305,1083.63453147,97919000.0,206000.0,0.0021037797,,,,KRW-BTC,2024-06-08T00:00:00,2024-06-08T09:00:00,97919000.0,98278000.0,97750000.0,98125000.0,106163964517.00305,1083.63453147,97919000.0,206000.0,0.0021037797,,96675000.0,,,,,,,
15,KRW-BTC,2024-06-09T00:00:00,2024-06-09T09:00:00,98137000.0,98400000.0,97710000.0,97983000.0,2024-06-09 09:00:00,88498186805.20483,903.04585461,98125000.0,-142000.0,-0.0014471338,,,,KRW-BTC,2024-06-09T00:00:00,2024-06-09T09:00:00,98137000.0,98400000.0,97710000.0,97983000.0,88498186805.20483,903.04585461,98125000.0,-142000.0,-0.0014471338,,97005500.0,,,,,,,
16,KRW-BTC,2024-06-10T00:00:00,2024-06-10T09:00:00,97983000.0,98031000.0,96980000.0,97276000.0,2024-06-10 09:00:00,145257348150.08334,1491.30862127,97983000.0,-707000.0,-0.0072155374,,,,KRW-BTC,2024-06-10T00:00:00,2024-06-10T09:00:00,97983000.0,98031000.0,96980000.0,97276000.0,145257348150.08334,1491.30862127,97983000.0,-707000.0,-0.0072155374,,97075000.0,,,,,,,
17,KRW-BTC,2024-06-11T00:00:00,2024-06-11T09:00:00,97279000.0,97350000.0,93821000.0,95329000.0,2024-06-11 09:00:00,369758493289.9728,3889.452394,97276000.0,-1947000.0,-0.0200152144,,,,KRW-BTC,2024-06-11T00:00:00,2024-06-11T09:00:00,97279000.0,97350000.0,93821000.0,95329000.0,369758493289.9728,3889.452394,97276000.0,-1947000.0,-0.0200152144,,96735500.0,,,,,,,
18,KRW-BTC,2024-06-12T00:00:00,2024-06-12T09:00:00,95329000.0,98204000.0,94502000.0,95934000.0,2024-06-12 09:00:00,327467722850.80164,3395.53957526,95329000.0,605000.0,0.0063464423,,,,KRW-BTC,2024-06-12T00:00:00,2024-06-12T09:00:00,95329000.0,98204000.0,94502000.0,95934000.0,327467722850.80164,3395.53957526,95329000.0,605000.0,0.0063464423,,96735500.0,,,,,,,
19,KRW-BTC,2024-06-13T00:00:00,2024-06-13T09:00:00,95930000.0,96356000.0,94107000.0,94614000.0,2024-06-13 09:00:00,205687345192.51294,2161.15981221,95934000.0,-1320000.0,-0.0137594596,,,,KRW-BTC,2024-06-13T00:00:00,2024-06-13T09:00:00,95930000.0,96356000.0,94107000.0,94614000.0,205687345192.51294,2161.15981221,95934000.0,-1320000.0,-0.0137594596,,96735500.0,,,,,,,
20,KRW-BTC,2024-06-14T00:00:00,2024-06-14T09:00:00,94614000.0,95202000.0,93001000.0,93978000.0,2024-06-14 09:00:00,210323777357.75565,2232.32985005,94614000.0,-636000.0,-0.0067220496,,,,KRW-BTC,2024-06-14T00:00:00,2024-06-14T09:00:00,94614000.0,95202000.0,93001000.0,93978000.0,210323777357.75565,2232.32985005,94614000.0,-636000.0,-0.0067220496,,96325500.0,,,,,,,
21,KRW-BTC,2024-06-15T00:00:00,2024-06-15T09:00:00,93979000.0,94268000.0,93546000.0,93910000.0,2024-06-15 09:00:00,85103451469.52345,906.41818634,93978000.0,-68000.0,-0.0007235736,,,,KRW-BTC,2024-06-15T00:00:00,2024-06-15T09:00:00,93979000.0,94268000.0,93546000.0,93910000.0,85103451469.52345,906.41818634,93978000.0,-68000.0,-0.0007235736,,96325500.0,,,,,,,
22,KRW-BTC,2024-06-16T00:00:00,2024-06-16T09:00:00,93913000.0,94708000.0,93611000.0,94219000.0,2024-06-16 09:00:00,79272815452.88979,841.90412208,93910000.0,309000.0,0.0032903844,,,,KRW-BTC,2024-06-16T00:00:00,2024-06-16T09:00:00,93913000.0,94708000.0,93611000.0,94219000.0,79272815452.88979,841.90412208,93910000.0,309000.0,0.0032903844,,95700500.0,,,,,,,
23,KRW-BTC,2024-06-17T00:00:00,2024-06-17T09:00:00,94219000.0,94442000.0,91559000.0,93588000.0,2024-06-17 09:00:00,307092672708.7484,3306.85987741,94219000.0,-631000.0,-0.006697163,,,,KRW-BTC,2024-06-17T00:00:00,2024-06-17T09:00:00,94219000.0,94442000.0,91559000.0,93588000.0,307092672708.7484,3306.85987741,94219000.0,-631000.0,-0.006697163,,94979500.0,,,,,,,
24,KRW-BTC,2024-06-18T00:00:00,2024-06-18T09:00:00,93589000.0,93699000.0,90638000.0,91649000.0,2024-06-18 09:00:00,283289620632.5299,3084.47656922,93588000.0,-1939000.0,-0.0207184682,,95612600.0,,KRW-BTC,2024-06-18T00:00:00,2024-06-18T09:00:00,93589000.0,93699000.0,90638000.0,91649000.0,283289620632.5299,3084.47656922,93588000.0,-1939000.0,-0.0207184682,,94421000.0,,,,,,,
25,KRW-BTC,2024-06-19T00:00:00,2024-06-19T09:00:00,91649000.0,92727000.0,91170000.0,91555000.0,2024-06-19 09:00:00,157280746104.31015,1711.11748826,91649000.0,-94000.0,-0.0010256522,,95425200.0,,KRW-BTC,2024-06-19T00:00:00,2024-06-19T09:00:00,91649000.0,92727000.0,91170000.0,91555000.0,157280746104.31015,1711.11748826,91649000.0,-94000.0,-0.0010256522,,94421000.0,95144000.0,,,,,,
26,KRW-BTC,2024-06-20T00:00:00,2024-06-20T09:00:00,91549000.0,93581000.0,91500000.0,91780000.0,2024-06-20 09:00:00,183662665916.08588,1989.14998554,91555000.0,225000.0,0.0024575392,,95272000.0,,KRW-BTC,2024-06-20T00:00:00,2024-06-20T09:00:00,91549000.0,93581000.0,91500000.0,91780000.0,183662665916.08588,1989.14998554,91555000.0,225000.0,0.0024575392,,94421000.0,95144000.0,,,,,,
27,KRW-BTC,2024-06-21T00:00:00,2024-06-21T09:00:00,91753000.0,92031000.0,89501000.0,90308000.0,2024-06-21 09:00:00,245462226021.85233,2713.72122916,91780000.0,-1472000.0,-0.0160383526,,95042320.0,,KRW-BTC,2024-06-21T00:00:00,2024-06-21T09:00:00,91753000.0,92031000.0,89501000.0,90308000.0,245462226021.85233,2713.72122916,91780000.0,-1472000.0,-0.0160383526,,92928500.0,94575500.0,,,,,,
28,KRW-BTC,2024-06-22T00:00:00,2024-06-22T09:00:00,90308000.0,91086000.0,90141000.0,90874000.0,2024-06-22 09:00:00,58876597356.40121,648.51462524,90308000.0,566000.0,0.0062674403,,94893280.0,,KRW-BTC,2024-06-22T00:00:00,2024-06-22T09:00:00,90308000.0,91086000.0,90141000.0,90874000.0,58876597356.40121,648.51462524,90308000.0,566000.0,0.0062674403,,92351500.0,94575500.0,,,,,,
29,KRW-BTC,2024-06-23T00:00:00,2024-06-23T09:00:00,90874000.0,91382000.0,89033000.0,89046000.0,2024-06-23 09:00:00,97216083240.50478,1076.73789827,90874000.0,-1828000.0,-0.0201157647,,94698720.0,94795933.33333333,KRW-BTC,2024-06-23T00:00:00,2024-06-23T09:00:00,90874000.0,91382000.0,89033000.0,89046000.0,97216083240.50478,1076.73789827,90874000.0,-1828000.0,-0.0201157647,,91870500.0,94341500.0,,,,,,
30,KRW-BTC,2024-06-24T00:00:00,2024-06-24T09:00:00,89100000.0,89441000.0,83101000.0,85496000.0,2024-06-24 09:00:00,642782780185.859,7434.8292641,89046000.0,-3550000.0,-0.039867035,,94320840.0,94437800.0,KRW-BTC,2024-06-24T00:00:00,2024-06-24T09:00:00,89100000.0,89441000.0,83101000.0,85496000.0,642782780185.859,7434.8292641,89046000.0,-3550000.0,-0.039867035,,88904500.0,91375500.0,,,,,,
31,KRW-BTC,2024-06-25T00:00:00,2024-06-25T09:00:00,85495000.0,87981000.0,85032000.0,87450000.0,2024-06-25 09:00:00,290625255002.558,3359.06885104,85496000.0,1954000.0,0.0228548704,,94038640.0,94165800.0,KRW-BTC,2024-06-25T00:00:00,2024-06-25T09:00:00,85495000.0,87981000.0,85032000.0,87450000.0,290625255002.558,3359.06885104,85496000.0,1954000.0,0.0228548704,,88771500.0,91375500.0,,,,,,
32,KRW-BTC,2024-06-26T00:00:00,2024-06-26T09:00:00,87463000.0,88356000.0,85930000.0,86027000.0,2024-06-26 09:00:00,170172602843.6051,1958.86652444,87450000.0,-1423000.0,-0.0162721555,,93690920.0,93831700.0,KRW-BTC,2024-06-26T00:00:00,2024-06-26T09:00:00,87463000.0,88356000.0,85930000.0,86027000.0,170172602843.6051,1958.86652444,87450000.0,-1423000.0,-0.0162721555,,88400000.0,91375500.0,,,,,,
33,KRW-BTC,2024-06-27T00:00:00,2024-06-27T09:00:00,86092000.0,87957000.0,85396000.0,86884000.0,2024-06-27 09:00:00,162614405577.3093,1879.37091558,86027000.0,857000.0,0.0099619887,,93366280.0,93574500.0,KRW-BTC,2024-06-27T00:00:00,2024-06-27T09:00:00,86092000.0,87957000.0,85396000.0,86884000.0,162614405577.3093,1879.37091558,86027000.0,857000.0,0.0099619887,,88341000.0,91375500.0,,,,,,
34,KRW-BTC,2024-06-28T00:00:00,2024-06-28T09:00:00,86875000.0,87510000.0,84740000.0,85158000.0,2024-06-28 09:00:00,181740242265.76205,2112.30766272,86884000.0,-1726000.0,-0.0198655679,,92932840.0,93282766.66666667,KRW-BTC,2024-06-28T00:00:00,2024-06-28T09:00:00,86875000.0,87510000.0,84740000.0,85158000.0,181740242265.76205,2112.30766272,86884000.0,-1726000.0,-0.0198655679,,88341000.0,91375500.0,,,,,,
35,KRW-BTC,2024-06-29T00:00:00,2024-06-29T09:00:00,85157000.0,86000000.0,85102000.0,85765000.0,2024-06-29 09:00:00,64278180308.71439,750.29847644,85158000.0,607000.0,0.0071279269,,92463440.0,92976833.33333333,KRW-BTC,2024-06-29T00:00:00,2024-06-29T09:00:00,85157000.0,86000000.0,85102000.0,85765000.0,64278180308.71439,750.29847644,85158000.0,607000.0,0.0071279269,,87566000.0,91375500.0,,,,,,
36,KRW-BTC,2024-06-30T00:00:00,2024-06-30T09:00:00,85765000.0,88490000.0,85370000.0,87920000.0,2024-06-30 09:00:00,122284229060.17992,1407.83744184,85765000.0,2155000.0,0.0251268,,92044840.0,92757333.33333333,KRW-BTC,2024-06-30T00:00:00,2024-06-30T09:00:00,85765000.0,88490000.0,85370000.0,87920000.0,122284229060.17992,1407.83744184,85765000.0,2155000.0,0.0251268,,87241500.0,91375500.0,,,,,,
37,KRW-BTC,2024-07-01T00:00:00,2024-07-01T09:00:00,87920000.0,89644000.0,87609000.0,88253000.0,2024-07-01 09:00:00,187910215069.42743,2120.47778236,87920000.0,333000.0,0.0037875341,,91641600.0,92541766.66666667,KRW-BTC,2024-07-01T00:00:00,2024-07-01T09:00:00,87920000.0,89644000.0,87609000.0,88253000.0,187910215069.42743,2120.47778236,87920000.0,333000.0,0.0037875341,,87241500.0,91375500.0,,,,,,
38,KRW-BTC,2024-07-02T00:00:00,2024-07-02T09:00:00,88259000.0,88847000.0,86987000.0,87248000.0,2024-07-02 09:00:00,133974236157.29668,1525.13237149,88253000.0,-1005000.0,-0.0113877149,,91214760.0,92283366.66666667,KRW-BTC,2024-07-02T00:00:00,2024-07-02T09:00:00,88259000.0,88847000.0,86987000.0,87248000.0,133974236157.29668,1525.13237149,88253000.0,-1005000.0,-0.0113877149,,86372500.0,91375500.0,,,,,,
39,KRW-BTC,2024-07-03T00:00:00,2024-07-03T09:00:00,87270000.0,87623000.0,84508000.0,85331000.0,2024-07-03 09:00:00,241696760888.49173,2823.97617467,87248000.0,-1917000.0,-0.0219718504,,90703000.0,91927933.33333333,KRW-BTC,2024-07-03T00:00:00,2024-07-03T09:00:00,87270000.0,87623000.0,84508000.0,85331000.0,241696760888.49173,2823.97617467,87248000.0,-1917000.0,-0.0219718504,,87076000.0,90750500.0,,,,,,
40,KRW-BTC,2024-07-04T00:00:00,2024-07-04T09:00:00,85331000.0,85592000.0,81207000.0,81680000.0,2024-07-04 09:00:00,508714299967.0383,6151.28764968,85331000.0,-3651000.0,-0.0427863262,,90050880.0,91400600.0,KRW-BTC,2024-07-04T00:00:00,2024-07-04T09:00:00,85331000.0,85592000.0,81207000.0,81680000.0,508714299967.0383,6151.28764968,85331000.0,-3651000.0,-0.0427863262,,85425500.0,89803500.0,,,,,,
41,KRW-BTC,2024-07-05T00:00:00,2024-07-05T09:00:00,81680000.0,82544000.0,77335000.0,81118000.0,2024-07-05 09:00:00,771379661181.4397,9719.19667539,81680000.0,-562000.0,-0.0068805093,,89404560.0,90825033.33333333,KRW-BTC,2024-07-05T00:00:00,2024-07-05T09:00:00,81680000.0,82544000.0,77335000.0,81118000.0,771379661181.4397,9719.19667539,81680000.0,-562000.0,-0.0068805093,,83489500.0,87769500.0,,,,,,
42,KRW-BTC,2024-07-06T00:00:00,2024-07-06T09:00:00,81118000.0,83202000.0,79938000.0,82826000.0,2024-07-06 09:00:00,217020180860.6007,2664.49967064,81118000.0,1708000.0,0.021055746,,88904440.0,90308100.0,KRW-BTC,2024-07-06T00:00:00,2024-07-06T09:00:00,81118000.0,83202000.0,79938000.0,82826000.0,217020180860.6007,2664.49967064,81118000.0,1708000.0,0.021055746,,83489500.0,87769500.0,,,,,,
43,KRW-BTC,2024-07-07T00:00:00,2024-07-07T09:00:00,82850000.0,82940000.0,79280000.0,79397000.0,2024-07-07 09:00:00,205364943238.90503,2527.24731033,82826000.0,-3429000.0,-0.0414000435,,88242960.0,89690700.0,KRW-BTC,2024-07-07T00:00:00,2024-07-07T09:00:00,82850000.0,82940000.0,79280000.0,79397000.0,205364943238.90503,2527.24731033,82826000.0,-3429000.0,-0.0414000435,,83489500.0,87769500.0,,,,,,
44,KRW-BTC,2024-07-08T00:00:00,2024-07-08T09:00:00,79397000.0,82700000.0,77880000.0,80534000.0,2024-07-08 09:00:00,407495808244.1024,5094.76571434,79397000.0,1137000.0,0.0143204403,,87679760.0,89104333.33333333,KRW-BTC,2024-07-08T00:00:00,2024-07-08T09:00:00,79397000.0,82700000.0,77880000.0,80534000.0,407495808244.1024,5094.76571434,79397000.0,1137000.0,0.0143204403,,83489500.0,86845500.0,,,,,,
45,KRW-BTC,2024-07-09T00:00:00,2024-07-09T09:00:00,80499000.0,82300000.0,80000000.0,82043000.0,2024-07-09 09:00:00,207188813320.79987,2547.62184575,80534000.0,1509000.0,0.0187374277,,87202360.0,88573000.0,KRW-BTC,2024-07-09T00:00:00,2024-07-09T09:00:00,80499000.0,82300000.0,80000000.0,82043000.0,207188813320.79987,2547.62184575,80534000.0,1509000.0,0.0187374277,,83489500.0,86268500.0,,,,,,
46,KRW-BTC,2024-07-10T00:00:00,2024-07-10T09:00:00,82043000.0,83825000.0,81096000.0,81896000.0,2024-07-10 09:00:00,241533427852.04196,2927.47972497,82043000.0,-147000.0,-0.0017917434,,86721800.0,88060333.33333333,KRW-BTC,2024-07-10T00:00:00,2024-07-10T09:00:00,82043000.0,83825000.0,81096000.0,81896000.0,241533427852.04196,2927.47972497,82043000.0,-147000.0,-0.0017917434,,83091000.0,86021500.0,,,,,,
47,KRW-BTC,2024-07-11T00:00:00,2024-07-11T09:00:00,81926000.0,83795000.0,81000000.0,81070000.0,2024-07-11 09:00:00,240656104086.51352,2930.42730849,81896000.0,-826000.0,-0.0100859627,,86195840.0,87585033.33333333,KRW-BTC,2024-07-11T00:00:00,2024-07-11T09:00:00,81926000.0,83795000.0,81000000.0,81070000.0,240656104086.51352,2930.42730849,81896000.0,-826000.0,-0.0100859627,,82479000.0,86021500.0,,,,,,
48,KRW-BTC,2024-07-12T00:00:00,2024-07-12T09:00:00,81070000.0,82309000.0,80085000.0,81540000.0,2024-07-12 09:00:00,162370294145.94073,2003.05277025,81070000.0,470000.0,0.005797459,,85713920.0,87105233.33333333,KRW-BTC,2024-07-12T00:00:00,2024-07-12T09:00:00,81070000.0,82309000.0,80085000.0,81540000.0,162370294145.94073,2003.05277025,81070000.0,470000.0,0.005797459,,81463500.0,85888500.0,,,,,,
49,KRW-BTC,2024-07-13T00:00:00,2024-07-13T09:00:00,81548000.0,83700000.0,81300000.0,82901000.0,2024-07-13 09:00:00,139900580321.58945,1698.9670231,81540000.0,1361000.0,0.0166911945,,85364000.0,86714800.0,KRW-BTC,2024-07-13T00:00:00,2024-07-13T09:00:00,81548000.0,83700000.0,81300000.0,82901000.0,139900580321.58945,1698.9670231,81540000.0,1361000.0,0.0166911945,,80580000.0,85517000.0,,,,,,
50,KRW-BTC,2024-07-14T00:00:00,2024-07-14T09:00:00,82901000.0,86000000.0,82860000.0,85430000.0,2024-07-14 09:00:00,267061160893.37726,3162.56205447,82901000.0,2529000.0,0.0305062665,,85119000.0,86429866.66666667,KRW-BTC,2024-07-14T00:00:00,2024-07-14T09:00:00,82901000.0,86000000.0,82860000.0,85430000.0,267061160893.37726,3162.56205447,82901000.0,2529000.0,0.0305062665,,81940000.0,85458000.0,,,,,,
51,KRW-BTC,2024-07-15T00:00:00,2024-07-15T09:00:00,85430000.0,91294000.0,85269000.0,91162000.0,2024-07-15 09:00:00,449269971924.1909,5087.5047679,85430000.0,5732000.0,0.067095868,,85094280.0,86338266.66666667,KRW-BTC,2024-07-15T00:00:00,2024-07-15T09:00:00,85430000.0,91294000.0,85269000.0,91162000.0,449269971924.1909,5087.5047679,85430000.0,5732000.0,0.067095868,,84587000.0,85458000.0,94782500.0,,,,,
52,KRW-BTC,2024-07-16T00:00:00,2024-07-16T09:00:00,91162000.0,91544000.0,87300000.0,90807000.0,2024-07-16 09:00:00,557878343297.2963,6229.90082082,91162000.0,-355000.0,-0.0038941664,,85114240.0,86224533.33333333,KRW-BTC,2024-07-16T00:00:00,2024-07-16T09:00:00,91162000.0,91544000.0,87300000.0,90807000.0,557878343297.2963,6229.90082082,91162000.0,-355000.0,-0.0038941664,,84712000.0,84683000.0,94782500.0,,,,,
53,KRW-BTC,2024-07-17T00:00:00,2024-07-17T09:00:00,90825000.0,92159000.0,89380000.0,89467000.0,2024-07-17 09:00:00,335601755804.37213,3690.86942876,90807000.0,-1340000.0,-0.0147565716,,85057960.0,86087166.66666667,KRW-BTC,2024-07-17T00:00:00,2024-07-17T09:00:00,90825000.0,92159000.0,89380000.0,89467000.0,335601755804.37213,3690.86942876,90807000.0,-1340000.0,-0.0147565716,,86079500.0,84747000.0,93752000.0,,,,,
54,KRW-BTC,2024-07-18T00:00:00,2024-07-18T09:00:00,89452000.0,91200000.0,89049000.0,89850000.0,2024-07-18 09:00:00,231608554045.43936,2571.16592106,89467000.0,383000.0,0.004280908,,85090120.0,86027200.0,KRW-BTC,2024-07-18T00:00:00,2024-07-18T09:00:00,89452000.0,91200000.0,89049000.0,89850000.0,231608554045.43936,2571.16592106,89467000.0,383000.0,0.004280908,,86122000.0,84747000.0,93463500.0,,,,,
55,KRW-BTC,2024-07-19T00:00:00,2024-07-19T09:00:00,89850000.0,94073000.0,88675000.0,93004000.0,2024-07-19 09:00:00,385983610442.7926,4216.76104722,89850000.0,3154000.0,0.0351029494,,85390440.0,86075500.0,KRW-BTC,2024-07-19T00:00:00,2024-07-19T09:00:00,89850000.0,94073000.0,88675000.0,93004000.0,385983610442.7926,4216.76104722,89850000.0,3154000.0,0.0351029494,,87079000.0,85704000.0,93106000.0,,,,,
56,KRW-BTC,2024-07-20T00:00:00,2024-07-20T09:00:00,93004000.0,94624000.0,92736000.0,94065000.0,2024-07-20 09:00:00,184106522945.32446,1966.82922042,93004000.0,1061000.0,0.0114081115,,85655040.0,86151666.66666667,KRW-BTC,2024-07-20T00:00:00,2024-07-20T09:00:00,93004000.0,94624000.0,92736000.0,94065000.0,184106522945.32446,1966.82922042,93004000.0,1061000.0,0.0114081115,,87354500.0,85979500.0,90140000.0,,,,,
57,KRW-BTC,2024-07-21T00:00:00,2024-07-21T09:00:00,94073000.0,95299000.0,92413000.0,95000000.0,2024-07-21 09:00:00,282511677391.88605,2999.30004219,94065000.0,935000.0,0.0099399352,,86013960.0,86308066.66666667,KRW-BTC,2024-07-21T00:00:00,2024-07-21T09:00:00,94073000.0,95299000.0,92413000.0,95000000.0,282511677391.88605,2999.30004219,94065000.0,935000.0,0.0099399352,,88299500.0,86317000.0,90073500.0,,,,,
58,KRW-BTC,2024-07-22T00:00:00,2024-07-22T09:00:00,95000000.0,95353000.0,93050000.0,94357000.0,2024-07-22 09:00:00,270086053980.06497,2864.06872329,95000000.0,-643000.0,-0.0067684211,,86312880.0,86424166.66666667,KRW-BTC,2024-07-22T00:00:00,2024-07-22T09:00:00,95000000.0,95353000.0,93050000.0,94357000.0,270086053980.06497,2864.06872329,95000000.0,-643000.0,-0.0067684211,,89106500.0,86344000.0,89887750.0,,,,,
59,KRW-BTC,2024-07-23T00:00:00,2024-07-23T09:00:00,94284000.0,94748000.0,92000000.0,92230000.0,2024-07-23 09:00:00,298055492452.224,3198.17266819,94357000.0,-2127000.0,-0.0225420478,,86595760.0,86530300.0,KRW-BTC,2024-07-23T00:00:00,2024-07-23T09:00:00,94284000.0,94748000.0,92000000.0,92230000.0,298055492452.224,3198.17266819,94357000.0,-2127000.0,-0.0225420478,,90311000.0,86344000.0,89858250.0,,,,,
60,KRW-BTC,2024-07-24T00:00:00,2024-07-24T09:00:00,92196000.0,93494000.0,91051000.0,91501000.0,2024-07-24 09:00:00,287757546664.5858,3120.28733945,92230000.0,-729000.0,-0.0079041527,,86825200.0,86730466.66666667,KRW-BTC,2024-07-24T00:00:00,2024-07-24T09:00:00,92196000.0,93494000.0,91051000.0,91501000.0,287757546664.5858,3120.28733945,92230000.0,-729000.0,-0.0079041527,,91326500.0,86344000.0,89858250.0,,,,,
61,KRW-BTC,2024-07-25T00:00:00,2024-07-25T09:00:00,91501000.0,93138000.0,89202000.0,92465000.0,2024-07-25 09:00:00,384022678969.55927,4242.34259951,91501000.0,964000.0,0.010535404,,87007000.0,86897633.33333333,KRW-BTC,2024-07-25T00:00:00,2024-07-25T09:00:00,91501000.0,93138000.0,89202000.0,92465000.0,384022678969.55927,4242.34259951,91501000.0,964000.0,0.010535404,,92014000.0,86344000.0,89470750.0,,,,,
62,KRW-BTC,2024-07-26T00:00:00,2024-07-26T09:00:00,92475000.0,95000000.0,92286000.0,94727000.0,2024-07-26 09:00:00,306215486613.3734,3254.87216648,92465000.0,2262000.0,0.0244633104,,87265960.0,87187633.33333333,KRW-BTC,2024-07-26T00:00:00,2024-07-26T09:00:00,92475000.0,95000000.0,92286000.0,94727000.0,306215486613.3734,3254.87216648,92465000.0,2262000.0,0.0244633104,,92014000.0,86344000.0,89308500.0,,,,,
63,KRW-BTC,2024-07-27T00:00:00,2024-07-27T09:00:00,94639000.0,96813000.0,93150000.0,94292000.0,2024-07-27 09:00:00,467925032426.02423,4913.83842022,94727000.0,-435000.0,-0.0045921437,,87547720.0,87434566.66666667,KRW-BTC,2024-07-27T00:00:00,2024-07-27T09:00:00,94639000.0,96813000.0,93150000.0,94292000.0,467925032426.02423,4913.83842022,94727000.0,-435000.0,-0.0045921437,,92744000.0,87074000.0,89308500.0,,,,,
64,KRW-BTC,2024-07-28T00:00:00,2024-07-28T09:00:00,94341000.0,95380000.0,93600000.0,95363000.0,2024-07-28 09:00:00,194537737710.59518,2056.69856884,94292000.0,1071000.0,0.0113583337,,87949000.0,87774733.33333333,KRW-BTC,2024-07-28T00:00:00,2024-07-28T09:00:00,94341000.0,95380000.0,93600000.0,95363000.0,194537737710.59518,2056.69856884,94292000.0,1071000.0,0.0113583337,,93007500.0,87074000.0,88874000.0,,,,,
65,KRW-BTC,2024-07-29T00:00:00,2024-07-29T09:00:00,95363000.0,97100000.0,93203000.0,93618000.0,2024-07-29 09:00:00,456579708586.51715,4778.70828116,95363000.0,-1745000.0,-0.0182985015,,88426520.0,88036500.0,KRW-BTC,2024-07-29T00:00:00,2024-07-29T09:00:00,95363000.0,97100000.0,93203000.0,93618000.0,456579708586.51715,4778.70828116,95363000.0,-1745000.0,-0.0182985015,,93151000.0,87217500.0,88913250.0,,,,,
66,KRW-BTC,2024-07-30T00:00:00,2024-07-30T09:00:00,93605000.0,93878000.0,91825000.0,92788000.0,2024-07-30 09:00:00,262705366724.15695,2825.61883321,93618000.0,-830000.0,-0.0088658164,,88893320.0,88198766.66666667,KRW-BTC,2024-07-30T00:00:00,2024-07-30T09:00:00,93605000.0,93878000.0,91825000.0,92788000.0,262705366724.15695,2825.61883321,93618000.0,-830000.0,-0.0088658164,,93151000.0,87217500.0,87614500.0,,,,,
67,KRW-BTC,2024-07-31T00:00:00,2024-07-31T09:00:00,92790000.0,93298000.0,90345000.0,90345000.0,2024-07-31 09:00:00,284977850977.3531,3099.02844262,92788000.0,-2443000.0,-0.0263288356,,89194080.0,88268500.0,KRW-BTC,2024-07-31T00:00:00,2024-07-31T09:00:00,92790000.0,93298000.0,90345000.0,90345000.0,284977850977.3531,3099.02844262,92788000.0,-2443000.0,-0.0263288356,,93151000.0,87490000.0,85629500.0,,,,,
68,KRW-BTC,2024-08-01T00:00:00,2024-08-01T09:00:00,90346000.0,92300000.0,88001000.0,91789000.0,2024-08-01 09:00:00,454095059912.4309,5048.04552891,90345000.0,1444000.0,0.0159831756,,89689760.0,88419866.66666667,KRW-BTC,2024-08-01T00:00:00,2024-08-01T09:00:00,90346000.0,92300000.0,88001000.0,91789000.0,454095059912.4309,5048.04552891,90345000.0,1444000.0,0.0159831756,,92550500.0,87490000.0,85629500.0,,,,,
69,KRW-BTC,2024-08-02T00:00:00,2024-08-02T09:00:00,91789000.0,92200000.0,86377000.0,86691000.0,2024-08-02 09:00:00,453754064161.6217,5089.66250349,91789000.0,-5098000.0,-0.0555404242,,89936040.0,88465200.0,KRW-BTC,2024-08-02T00:00:00,2024-08-02T09:00:00,91789000.0,92200000.0,86377000.0,86691000.0,453754064161.6217,5089.66250349,91789000.0,-5098000.0,-0.0555404242,,91738500.0,87490000.0,85629500.0,,,,,
70,KRW-BTC,2024-08-03T00:00:00,2024-08-03T09:00:00,86691000.0,87690000.0,85000000.0,85957000.0,2024-08-03 09:00:00,350471535778.3624,4059.37513687,86691000.0,-734000.0,-0.0084668535,,90092600.0,88607766.66666667,KRW-BTC,2024-08-03T00:00:00,2024-08-03T09:00:00,86691000.0,87690000.0,85000000.0,85957000.0,350471535778.3624,4059.37513687,86691000.0,-734000.0,-0.0084668535,,91050000.0,88550000.0,85167500.0,,,,,
71,KRW-BTC,2024-08-04T00:00:00,2024-08-04T09:00:00,85954000.0,86311000.0,81684000.0,81871000.0,2024-08-04 09:00:00,380290142556.4757,4532.63397761,85957000.0,-4086000.0,-0.0475353956,,90091600.0,88632866.66666667,KRW-BTC,2024-08-04T00:00:00,2024-08-04T09:00:00,85954000.0,86311000.0,81684000.0,81871000.0,380290142556.4757,4532.63397761,85957000.0,-4086000.0,-0.0475353956,,89392000.0,88592500.0,84879000.0,,,,,
72,KRW-BTC,2024-08-05T00:00:00,2024-08-05T09:00:00,81871000.0,82256000.0,72100000.0,77833000.0,2024-08-05 09:00:00,1828233999514.335,23878.79267178,81871000.0,-4038000.0,-0.0493214936,,89962120.0,88466433.33333333,KRW-BTC,2024-08-05T00:00:00,2024-08-05T09:00:00,81871000.0,82256000.0,72100000.0,77833000.0,1828233999514.335,23878.79267178,81871000.0,-4038000.0,-0.0493214936,,84600000.0,84600000.0,84556250.0,,,,,
73,KRW-BTC,2024-08-06T00:00:00,2024-08-06T09:00:00,77786000.0,82150000.0,77782000.0,80224000.0,2024-08-06 09:00:00,630449026117.0752,7868.46700086,77833000.0,2391000.0,0.0307196176,,89909480.0,88494000.0,KRW-BTC,2024-08-06T00:00:00,2024-08-06T09:00:00,77786000.0,82150000.0,77782000.0,80224000.0,630449026117.0752,7868.46700086,77833000.0,2391000.0,0.0307196176,,84600000.0,84600000.0,84250250.0,,,,,
74,KRW-BTC,2024-08-07T00:00:00,2024-08-07T09:00:00,80166000.0,81950000.0,77782000.0,78388000.0,2024-08-07 09:00:00,425826912725.80835,5316.47766092,80224000.0,-1836000.0,-0.0228859194,,89728960.0,88422466.66666667,KRW-BTC,2024-08-07T00:00:00,2024-08-07T09:00:00,80166000.0,81950000.0,77782000.0,78388000.0,425826912725.80835,5316.47766092,80224000.0,-1836000.0,-0.0228859194,,82989000.0,84600000.0,83676000.0,,,,,
75,KRW-BTC,2024-08-08T00:00:00,2024-08-08T09:00:00,78386000.0,87980000.0,77941000.0,86397000.0,2024-08-08 09:00:00,589875336679.084,7126.01269616,78388000.0,8009000.0,0.1021712507,,89767640.0,88567600.0,KRW-BTC,2024-08-08T00:00:00,2024-08-08T09:00:00,78386000.0,87980000.0,77941000.0,86397000.0,589875336679.084,7126.01269616,78388000.0,8009000.0,0.1021712507,,82699000.0,84600000.0,83048500.0,,,,,
76,KRW-BTC,2024-08-09T00:00:00,2024-08-09T09:00:00,86397000.0,86704000.0,84000000.0,85518000.0,2024-08-09 09:00:00,332298406966.0832,3892.85974175,86397000.0,-879000.0,-0.0101739644,,89541880.0,88688333.33333333,KRW-BTC,2024-08-09T00:00:00,2024-08-09T09:00:00,86397000.0,86704000.0,84000000.0,85518000.0,332298406966.0832,3892.85974175,86397000.0,-879000.0,-0.0101739644,,82200000.0,84600000.0,83699000.0,,,,,
77,KRW-BTC,2024-08-10T00:00:00,2024-08-10T09:00:00,85522000.0,86370000.0,84760000.0,85669000.0,2024-08-10 09:00:00,127296971385.76044,1489.63387466,85518000.0,151000.0,0.0017657101,,89336360.0,88841633.33333333,KRW-BTC,2024-08-10T00:00:00,2024-08-10T09:00:00,85522000.0,86370000.0,84760000.0,85669000.0,127296971385.76044,1489.63387466,85518000.0,151000.0,0.0017657101,,82150000.0,84600000.0,85022500.0,88492500.0,,,,
78,KRW-BTC,2024-08-11T00:00:00,2024-08-11T09:00:00,85669000.0,86424000.0,82208000.0,82815000.0,2024-08-11 09:00:00,225284918716.3791,2669.17265554,85669000.0,-2854000.0,-0.0333142677,,89070280.0,88884133.33333333,KRW-BTC,2024-08-11T00:00:00,2024-08-11T09:00:00,85669000.0,86424000.0,82208000.0,82815000.0,225284918716.3791,2669.17265554,85669000.0,-2854000.0,-0.0333142677,,80040000.0,84600000.0,84697500.0,88492500.0,,,,
79,KRW-BTC,2024-08-12T00:00:00,2024-08-12T09:00:00,82816000.0,85000000.0,81000000.0,83221000.0,2024-08-12 09:00:00,420485878758.05646,5072.09672139,82815000.0,406000.0,0.0049024935,,88805120.0,88894800.0,KRW-BTC,2024-08-12T00:00:00,2024-08-12T09:00:00,82816000.0,85000000.0,81000000.0,83221000.0,420485878758.05646,5072.09672139,82815000.0,406000.0,0.0049024935,,80040000.0,84600000.0,85413250.0,88492500.0,,,,
80,KRW-BTC,2024-08-13T00:00:00,2024-08-13T09:00:00,83207000.0,85770000.0,82050000.0,84600000.0,2024-08-13 09:00:00,250426145464.81427,2989.81215206,83221000.0,1379000.0,0.0165703368,,88468960.0,88867133.33333333,KRW-BTC,2024-08-13T00:00:00,2024-08-13T09:00:00,83207000.0,85770000.0,82050000.0,84600000.0,250426145464.81427,2989.81215206,83221000.0,1379000.0,0.0165703368,,80040000.0,84600000.0,85434500.0,88492500.0,,,,
81,KRW-BTC,2024-08-14T00:00:00,2024-08-14T09:00:00,84587000.0,85950000.0,82218000.0,82457000.0,2024-08-14 09:00:00,301026089757.4763,3583.12495297,84600000.0,-2143000.0,-0.0253309693,,88004640.0,88576966.66666667,KRW-BTC,2024-08-14T00:00:00,2024-08-14T09:00:00,84587000.0,85950000.0,82218000.0,82457000.0,301026089757.4763,3583.12495297,84600000.0,-2143000.0,-0.0253309693,,82881000.0,84600000.0,86391500.0,88492500.0,,,,
82,KRW-BTC,2024-08-15T00:00:00,2024-08-15T09:00:00,82440000.0,83555000.0,79500000.0,81004000.0,2024-08-15 09:00:00,325801942348.10706,3986.43185704,82457000.0,-1453000.0,-0.0176213057,,87444800.0,88250200.0,KRW-BTC,2024-08-15T00:00:00,2024-08-15T09:00:00,82440000.0,83555000.0,79500000.0,81004000.0,325801942348.10706,3986.43185704,82457000.0,-1453000.0,-0.0176213057,,82881000.0,84600000.0,86667000.0,88492500.0,,,,
83,KRW-BTC,2024-08-16T00:00:00,2024-08-16T09:00:00,81044000.0,83400000.0,80296000.0,82209000.0,2024-08-16 09:00:00,214699078822.88956,2629.8190762,81004000.0,1205000.0,0.0148758086,,86958880.0,88008266.66666667,KRW-BTC,2024-08-16T00:00:00,2024-08-16T09:00:00,81044000.0,83400000.0,80296000.0,82209000.0,214699078822.88956,2629.8190762,81004000.0,1205000.0,0.0148758086,,82960500.0,84600000.0,87308250.0,88492500.0,,,,
84,KRW-BTC,2024-08-17T00:00:00,2024-08-17T09:00:00,82185000.0,83000000.0,82042000.0,82849000.0,2024-08-17 09:00:00,73291253042.81598,887.07641461,82209000.0,640000.0,0.0077850357,,86583640.0,87774900.0,KRW-BTC,2024-08-17T00:00:00,2024-08-17T09:00:00,82185000.0,83000000.0,82042000.0,82849000.0,73291253042.81598,887.07641461,82209000.0,640000.0,0.0077850357,,83102000.0,84600000.0,87725250.0,88492500.0,,,,
85,KRW-BTC,2024-08-18T00:00:00,2024-08-18T09:00:00,82821000.0,83679000.0,81500000.0,81500000.0,2024-08-18 09:00:00,143255575447.1464,1727.83371254,82849000.0,-1349000.0,-0.0162826347,,86183600.0,87391433.33333333,KRW-BTC,2024-08-18T00:00:00,2024-08-18T09:00:00,82821000.0,83679000.0,81500000.0,81500000.0,143255575447.1464,1727.83371254,82849000.0,-1349000.0,-0.0162826347,,82962000.0,84600000.0,88327500.0,88492500.0,,,,
86,KRW-BTC,2024-08-19T00:00:00,2024-08-19T09:00:00,81500000.0,81915000.0,80100000.0,81680000.0,2024-08-19 09:00:00,214078811458.96536,2644.34129141,81500000.0,180000.0,0.002208589,,85752200.0,86978600.0,KRW-BTC,2024-08-19T00:00:00,2024-08-19T09:00:00,81500000.0,81915000.0,80100000.0,81680000.0,214078811458.96536,2644.34129141,81500000.0,180000.0,0.002208589,,82962000.0,84600000.0,88835250.0,88492500.0,,,,
87,KRW-BTC,2024-08-20T00:00:00,2024-08-20T09:00:00,81678000.0,83400000.0,80501000.0,80751000.0,2024-08-20 09:00:00,274100335212.15652,3339.76112482,81680000.0,-929000.0,-0.0113736533,,85193160.0,86503633.33333333,KRW-BTC,2024-08-20T00:00:00,2024-08-20T09:00:00,81678000.0,83400000.0,80501000.0,80751000.0,274100335212.15652,3339.76112482,81680000.0,-929000.0,-0.0113736533,,82725000.0,84600000.0,89179000.0,88492500.0,,,,
88,KRW-BTC,2024-08-21T00:00:00,2024-08-21T09:00:00,80751000.0,83600000.0,80567000.0,82900000.0,2024-08-21 09:00:00,235879234125.4242,2882.78548851,80751000.0,2149000.0,0.0266126735,,84737480.0,86121733.33333333,KRW-BTC,2024-08-21T00:00:00,2024-08-21T09:00:00,80751000.0,83600000.0,80567000.0,82900000.0,235879234125.4242,2882.78548851,80751000.0,2149000.0,0.0266126735,,82725000.0,84600000.0,89179000.0,88492500.0,,,,
89,KRW-BTC,2024-08-22T00:00:00,2024-08-22T09:00:00,82900000.0,83101000.0,81280000.0,82003000.0,2024-08-22 09:00:00,176142420142.3459,2138.23568495,82900000.0,-897000.0,-0.0108202654,,84203080.0,85780833.33333333,KRW-BTC,2024-08-22T00:00:00,2024-08-22T09:00:00,82900000.0,83101000.0,81280000.0,82003000.0,176142420142.3459,2138.23568495,82900000.0,-897000.0,-0.0108202654,,82725000.0,84600000.0,89909000.0,88492500.0,,,,
90,KRW-BTC,2024-08-23T00:00:00,2024-08-23T09:00:00,82003000.0,86500000.0,82002000.0,85600000.0,2024-08-23 09:00:00,376889529927.51227,4485.27203937,82003000.0,3597000.0,0.0438642489,,83882360.0,85584133.33333333,KRW-BTC,2024-08-23T00:00:00,2024-08-23T09:00:00,82003000.0,86500000.0,82002000.0,85600000.0,376889529927.51227,4485.27203937,82003000.0,3597000.0,0.0438642489,,83000000.0,84600000.0,90040750.0,88492500.0,,,,
91,KRW-BTC,2024-08-24T00:00:00,2024-08-24T09:00:00,85600000.0,86390000.0,85155000.0,85767000.0,2024-08-24 09:00:00,189010265920.50162,2204.28031834,85600000.0,167000.0,0.0019509346,,83601520.0,85360866.66666667,KRW-BTC,2024-08-24T00:00:00,2024-08-24T09:00:00,85600000.0,86390000.0,85155000.0,85767000.0,189010265920.50162,2204.28031834,85600000.0,167000.0,0.0019509346,,83300000.0,82989000.0,90184250.0,87867500.0,,,,
92,KRW-BTC,2024-08-25T00:00:00,2024-08-25T09:00:00,85807000.0,86979000.0,85410000.0,86254000.0,2024-08-25 09:00:00,145981547975.5474,1698.8163817,85767000.0,487000.0,0.0056781746,,83437880.0,85078433.33333333,KRW-BTC,2024-08-25T00:00:00,2024-08-25T09:00:00,85807000.0,86979000.0,85410000.0,86254000.0,145981547975.5474,1698.8163817,85767000.0,487000.0,0.0056781746,,83539500.0,82699000.0,90184250.0,87867500.0,,,,
93,KRW-BTC,2024-08-26T00:00:00,2024-08-26T09:00:00,86227000.0,86529000.0,84408000.0,84408000.0,2024-08-26 09:00:00,192748229997.8137,2260.53739932,86254000.0,-1846000.0,-0.021401906,,83142640.0,84748966.66666667,KRW-BTC,2024-08-26T00:00:00,2024-08-26T09:00:00,86227000.0,86529000.0,84408000.0,84408000.0,192748229997.8137,2260.53739932,86254000.0,-1846000.0,-0.021401906,,83539500.0,82200000.0,90320500.0,87769500.0,,,,
94,KRW-BTC,2024-08-27T00:00:00,2024-08-27T09:00:00,84408000.0,84794000.0,80121000.0,80950000.0,2024-08-27 09:00:00,335829079690.97577,4066.7490567,84408000.0,-3458000.0,-0.0409676808,,82913000.0,84268533.33333333,KRW-BTC,2024-08-27T00:00:00,2024-08-27T09:00:00,84408000.0,84794000.0,80121000.0,80950000.0,335829079690.97577,4066.7490567,84408000.0,-3458000.0,-0.0409676808,,83539500.0,82150000.0,90020250.0,87769500.0,,,,
95,KRW-BTC,2024-08-28T00:00:00,2024-08-28T09:00:00,80947000.0,81895000.0,79550000.0,80569000.0,2024-08-28 09:00:00,310686076764.39667,3848.30364196,80950000.0,-381000.0,-0.004706609,,82697480.0,83833566.66666667,KRW-BTC,2024-08-28T00:00:00,2024-08-28T09:00:00,80947000.0,81895000.0,79550000.0,80569000.0,310686076764.39667,3848.30364196,80950000.0,-381000.0,-0.004706609,,83264500.0,80040000.0,89614250.0,87769500.0,,,,
96,KRW-BTC,2024-08-29T00:00:00,2024-08-29T09:00:00,80618000.0,82700000.0,80151000.0,80790000.0,2024-08-29 09:00:00,206219103448.4138,2539.08247784,80569000.0,221000.0,0.0027429905,,82654240.0,83433633.33333333,KRW-BTC,2024-08-29T00:00:00,2024-08-29T09:00:00,80618000.0,82700000.0,80151000.0,80790000.0,206219103448.4138,2539.08247784,80569000.0,221000.0,0.0027429905,,83264500.0,80040000.0,89800000.0,87217500.0,,,,
97,KRW-BTC,2024-08-30T00:00:00,2024-08-30T09:00:00,80745000.0,81250000.0,79225000.0,80439000.0,2024-08-30 09:00:00,229386098042.93787,2858.21980495,80790000.0,-351000.0,-0.0043445971,,82758480.0,83103433.33333333,KRW-BTC,2024-08-30T00:00:00,2024-08-30T09:00:00,80745000.0,81250000.0,79225000.0,80439000.0,229386098042.93787,2858.21980495,80790000.0,-351000.0,-0.0043445971,,83102000.0,80040000.0,88992250.0,87217500.0,,,,
98,KRW-BTC,2024-08-31T00:00:00,2024-08-31T09:00:00,80439000.0,80823000.0,80009000.0,80262000.0,2024-08-31 09:00:00,67710249599.81931,841.99580262,80439000.0,-177000.0,-0.0022004252,,82760000.0,82719200.0,KRW-BTC,2024-08-31T00:00:00,2024-08-31T09:00:00,80439000.0,80823000.0,80009000.0,80262000.0,67710249599.81931,841.99580262,80439000.0,-177000.0,-0.0022004252,,83102000.0,82881000.0,84600000.0,84600000.0,,,,
99,KRW-BTC,2024-09-01T00:00:00,2024-09-01T09:00:00,80300000.0,80370000.0,78300000.0,78301000.0,2024-09-01 09:00:00,201464348305.40323,2541.94042215,80262000.0,-1961000.0,-0.0244324836,,82756520.0,82439533.33333333,KRW-BTC,2024-09-01T00:00:00,2024-09-01T09:00:00,80300000.0,80370000.0,78300000.0,78301000.0,201464348305.40323,2541.94042215,80262000.0,-1961000.0,-0.0244324836,,82639500.0,82881000.0,84600000.0,84600000.0,,,,
100,KRW-BTC,2024-09-02T00:00:00,2024-09-02T09:00:00,78303000.0,80610000.0,78235000.0,80205000.0,2024-09-02 09:00:00,174932522315.02856,2207.5986061,78301000.0,1904000.0,0.02431642,,82508840.0,82247800.0,KRW-BTC,2024-09-02T00:00:00,2024-09-02T09:00:00,78303000.0,80610000.0,78235000.0,80205000.0,174932522315.02856,2207.5986061,78301000.0,1904000.0,0.02431642,,82607000.0,82960500.0,83794500.0,84600000.0,,,,
101,KRW-BTC,2024-09-03T00:00:00,2024-09-03T09:00:00,80247000.0,81101000.0,78250000.0,78272000.0,2024-09-03 09:00:00,203978935020.43103,2562.51172354,80205000.0,-1933000.0,-0.0241007418,,82219000.0,82127833.33333333,KRW-BTC,2024-09-03T00:00:00,2024-09-03T09:00:00,80247000.0,81101000.0,78250000.0,78272000.0,203978935020.43103,2562.51172354,80205000.0,-1933000.0,-0.0241007418,,82382000.0,82607000.0,83649500.0,84600000.0,,,,
102,KRW-BTC,2024-09-04T00:00:00,2024-09-04T09:00:00,78270000.0,79300000.0,76248000.0,78739000.0,2024-09-04 09:00:00,301711447734.27747,3895.41394663,78272000.0,467000.0,0.0059663737,,81941800.0,82158033.33333333,KRW-BTC,2024-09-04T00:00:00,2024-09-04T09:00:00,78270000.0,79300000.0,76248000.0,78739000.0,301711447734.27747,3895.41394663,78272000.0,467000.0,0.0059663737,,80521000.0,81613500.0,83400000.0,84600000.0,,,,
103,KRW-BTC,2024-09-05T00:00:00,2024-09-05T09:00:00,78739000.0,79131000.0,76000000.0,76330000.0,2024-09-05 09:00:00,227922886561.5563,2957.70339093,78739000.0,-2409000.0,-0.0305947497,,81682400.0,82028233.33333333,KRW-BTC,2024-09-05T00:00:00,2024-09-05T09:00:00,78739000.0,79131000.0,76000000.0,76330000.0,227922886561.5563,2957.70339093,78739000.0,-2409000.0,-0.0305947497,,79350000.0,81489500.0,83375000.0,84600000.0,,,,
104,KRW-BTC,2024-09-06T00:00:00,2024-09-06T09:00:00,76330000.0,76860000.0,72200000.0,73644000.0,2024-09-06 09:00:00,453955119507.9664,6081.77185166,76330000.0,-2686000.0,-0.0351893096,,81299320.0,81870100.0,KRW-BTC,2024-09-06T00:00:00,2024-09-06T09:00:00,76330000.0,76860000.0,72200000.0,73644000.0,453955119507.9664,6081.77185166,76330000.0,-2686000.0,-0.0351893096,,77450000.0,79589500.0,82320000.0,84600000.0,,,,
105,KRW-BTC,2024-09-07T00:00:00,2024-09-07T09:00:00,73644000.0,74580000.0,73078000.0,73640000.0,2024-09-07 09:00:00,132925505237.01608,1801.62027481,73644000.0,-4000.0,-5.43154e-05,,80860920.0,81444866.66666667,KRW-BTC,2024-09-07T00:00:00,2024-09-07T09:00:00,73644000.0,74580000.0,73078000.0,73640000.0,132925505237.01608,1801.62027481,73644000.0,-4000.0,-5.43154e-05,,76725000.0,79589500.0,82320000.0,84600000.0,,,,
106,KRW-BTC,2024-09-08T00:00:00,2024-09-08T09:00:00,73640000.0,74880000.0,72992000.0,74437000.0,2024-09-08 09:00:00,117599921455.3581,1592.04001829,73640000.0,797000.0,0.0108229223,,80540120.0,81075500.0,KRW-BTC,2024-09-08T00:00:00,2024-09-08T09:00:00,73640000.0,74880000.0,72992000.0,74437000.0,117599921455.3581,1592.04001829,73640000.0,797000.0,0.0108229223,,76650500.0,79589500.0,82320000.0,84600000.0,,,,
107,KRW-BTC,2024-09-09T00:00:00,2024-09-09T09:00:00,74439000.0,78500000.0,74093000.0,77275000.0,2024-09-09 09:00:00,235311917797.4669,3101.05486477,74437000.0,2838000.0,0.0381262007,,80390960.0,80795700.0,KRW-BTC,2024-09-09T00:00:00,2024-09-09T09:00:00,74439000.0,78500000.0,74093000.0,77275000.0,235311917797.4669,3101.05486477,74437000.0,2838000.0,0.0381262007,,76650500.0,79589500.0,83740500.0,84600000.0,,,,
108,KRW-BTC,2024-09-10T00:00:00,2024-09-10T09:00:00,77274000.0,78485000.0,76432000.0,78089000.0,2024-09-10 09:00:00,169362601828.1939,2189.56080713,77275000.0,814000.0,0.0105338078,,80226160.0,80638166.66666667,KRW-BTC,2024-09-10T00:00:00,2024-09-10T09:00:00,77274000.0,78485000.0,76432000.0,78089000.0,169362601828.1939,2189.56080713,77275000.0,814000.0,0.0105338078,,76650500.0,79589500.0,83740500.0,84600000.0,,,,
109,KRW-BTC,2024-09-11T00:00:00,2024-09-11T09:00:00,78091000.0,78200000.0,75380000.0,77301000.0,2024-09-11 09:00:00,234573394617.97586,3055.31403806,78089000.0,-788000.0,-0.01009105,,80004240.0,80440833.33333333,KRW-BTC,2024-09-11T00:00:00,2024-09-11T09:00:00,78091000.0,78200000.0,75380000.0,77301000.0,234573394617.97586,3055.31403806,78089000.0,-788000.0,-0.01009105,,76650500.0,79589500.0,83780250.0,84600000.0,,,,
110,KRW-BTC,2024-09-12T00:00:00,2024-09-12T09:00:00,77363000.0,78830000.0,77300000.0,78269000.0,2024-09-12 09:00:00,196214298456.70428,2510.01259415,77301000.0,968000.0,0.0125224771,,79875000.0,80229800.0,KRW-BTC,2024-09-12T00:00:00,2024-09-12T09:00:00,77363000.0,78830000.0,77300000.0,78269000.0,196214298456.70428,2510.01259415,77301000.0,968000.0,0.0125224771,,75750000.0,79589500.0,83851000.0,84600000.0,,,,
111,KRW-BTC,2024-09-13T00:00:00,2024-09-13T09:00:00,78269000.0,81100000.0,77700000.0,80930000.0,2024-09-13 09:00:00,225703375433.60367,2847.08604999,78269000.0,2661000.0,0.0339981346,,79845000.0,80178900.0,KRW-BTC,2024-09-13T00:00:00,2024-09-13T09:00:00,78269000.0,81100000.0,77700000.0,80930000.0,225703375433.60367,2847.08604999,78269000.0,2661000.0,0.0339981346,,76650000.0,79589500.0,83781000.0,84600000.0,,,,
112,KRW-BTC,2024-09-14T00:00:00,2024-09-14T09:00:00,80930000.0,81174000.0,80040000.0,80524000.0,2024-09-14 09:00:00,106802968052.03972,1324.44479737,80930000.0,-406000.0,-0.0050166811,,79835920.0,80162900.0,KRW-BTC,2024-09-14T00:00:00,2024-09-14T09:00:00,80930000.0,81174000.0,80040000.0,80524000.0,106802968052.03972,1324.44479737,80930000.0,-406000.0,-0.0050166811,,76687000.0,79589500.0,83781000.0,84600000.0,,,,
113,KRW-BTC,2024-09-15T00:00:00,2024-09-15T09:00:00,80524000.0,81009000.0,79090000.0,79690000.0,2024-09-15 09:00:00,103959710509.01263,1293.20254846,80524000.0,-834000.0,-0.0103571606,,79707520.0,80078933.33333333,KRW-BTC,2024-09-15T00:00:00,2024-09-15T09:00:00,80524000.0,81009000.0,79090000.0,79690000.0,103959710509.01263,1293.20254846,80524000.0,-834000.0,-0.0103571606,,77083000.0,79589500.0,83662500.0,84600000.0,,,,
114,KRW-BTC,2024-09-16T00:00:00,2024-09-16T09:00:00,79691000.0,79860000.0,77740000.0,78469000.0,2024-09-16 09:00:00,190805166243.93906,2425.49996851,79690000.0,-1221000.0,-0.0153218723,,79566160.0,79932933.33333333,KRW-BTC,2024-09-16T00:00:00,2024-09-16T09:00:00,79691000.0,79860000.0,77740000.0,78469000.0,190805166243.93906,2425.49996851,79690000.0,-1221000.0,-0.0153218723,,77083000.0,79589500.0,83662500.0,84600000.0,,,,
115,KRW-BTC,2024-09-17T00:00:00,2024-09-17T09:00:00,78468000.0,82364000.0,77774000.0,81116000.0,2024-09-17 09:00:00,246315657168.2539,3063.50091322,78469000.0,2647000.0,0.0337330666,,79386800.0,79920133.33333333,KRW-BTC,2024-09-17T00:00:00,2024-09-17T09:00:00,78468000.0,82364000.0,77774000.0,81116000.0,246315657168.2539,3063.50091322,78469000.0,2647000.0,0.0337330666,,78228500.0,79589500.0,83662500.0,84600000.0,,,,
116,KRW-BTC,2024-09-18T00:00:00,2024-09-18T09:00:00,81116000.0,82618000.0,80008000.0,82604000.0,2024-09-18 09:00:00,272656090815.34293,3362.15013751,81116000.0,1488000.0,0.0183440998,,79260280.0,79950933.33333333,KRW-BTC,2024-09-18T00:00:00,2024-09-18T09:00:00,81116000.0,82618000.0,80008000.0,82604000.0,272656090815.34293,3362.15013751,81116000.0,1488000.0,0.0183440998,,78999000.0,79589500.0,83800000.0,84600000.0,,,,
117,KRW-BTC,2024-09-19T00:00:00,2024-09-19T09:00:00,82602000.0,85000000.0,82286000.0,83892000.0,2024-09-19 09:00:00,380397446780.82184,4549.0273458,82604000.0,1288000.0,0.0155924653,,79165800.0,80055633.33333333,KRW-BTC,2024-09-19T00:00:00,2024-09-19T09:00:00,82602000.0,85000000.0,82286000.0,83892000.0,380397446780.82184,4549.0273458,82604000.0,1288000.0,0.0155924653,,80190000.0,79589500.0,83144500.0,84600000.0,,,,
118,KRW-BTC,2024-09-20T00:00:00,2024-09-20T09:00:00,83891000.0,85478000.0,83377000.0,84385000.0,2024-09-20 09:00:00,275217777612.6938,3257.11829911,83892000.0,493000.0,0.0058766033,,79164880.0,80105133.33333333,KRW-BTC,2024-09-20T00:00:00,2024-09-20T09:00:00,83891000.0,85478000.0,83377000.0,84385000.0,275217777612.6938,3257.11829911,83892000.0,493000.0,0.0058766033,,81389000.0,79364500.0,83119250.0,84600000.0,,,,
119,KRW-BTC,2024-09-21T00:00:00,2024-09-21T09:00:00,84384000.0,84750000.0,84000000.0,84425000.0,2024-09-21 09:00:00,89952936852.66151,1066.57067251,84385000.0,40000.0,0.0004740179,,79303880.0,80185866.66666667,KRW-BTC,2024-09-21T00:00:00,2024-09-21T09:00:00,84384000.0,84750000.0,84000000.0,84425000.0,89952936852.66151,1066.57067251,84385000.0,40000.0,0.0004740179,,81589000.0,78839000.0,82869750.0,84600000.0,,,,
120,KRW-BTC,2024-09-22T00:00:00,2024-09-22T09:00:00,84429000.0,85500000.0,83401000.0,84829000.0,2024-09-22 09:00:00,157468215075.89536,1869.26119943,84425000.0,404000.0,0.0047853124,,79474280.0,80160166.66666667,KRW-BTC,2024-09-22T00:00:00,2024-09-22T09:00:00,84429000.0,85500000.0,83401000.0,84829000.0,157468215075.89536,1869.26119943,84425000.0,404000.0,0.0047853124,,81620000.0,78850000.0,82844750.0,84600000.0,,,,
121,KRW-BTC,2024-09-23T00:00:00,2024-09-23T09:00:00,84838000.0,86250000.0,83832000.0,84631000.0,2024-09-23 09:00:00,226181555032.54324,2655.34388664,84829000.0,-198000.0,-0.0023341074,,79627920.0,80122300.0,KRW-BTC,2024-09-23T00:00:00,2024-09-23T09:00:00,84838000.0,86250000.0,83832000.0,84631000.0,226181555032.54324,2655.34388664,84829000.0,-198000.0,-0.0023341074,,81995000.0,79225000.0,81652250.0,84600000.0,,,,
122,KRW-BTC,2024-09-24T00:00:00,2024-09-24T09:00:00,84630000.0,85750000.0,84009000.0,85248000.0,2024-09-24 09:00:00,169441365824.40887,1998.91561289,84631000.0,617000.0,0.0072904728,,79820280.0,80088766.66666667,KRW-BTC,2024-09-24T00:00:00,2024-09-24T09:00:00,84630000.0,85750000.0,84009000.0,85248000.0,169441365824.40887,1998.91561289,84631000.0,617000.0,0.0072904728,,81995000.0,79225000.0,81652250.0,84600000.0,,,,
123,KRW-BTC,2024-09-25T00:00:00,2024-09-25T09:00:00,85248000.0,85950000.0,84220000.0,84362000.0,2024-09-25 09:00:00,154899364722.59076,1821.46293118,85248000.0,-886000.0,-0.0103932057,,79984280.0,80087233.33333333,KRW-BTC,2024-09-25T00:00:00,2024-09-25T09:00:00,85248000.0,85950000.0,84220000.0,84362000.0,154899364722.59076,1821.46293118,85248000.0,-886000.0,-0.0103932057,,82012000.0,79225000.0,81571000.0,84600000.0,,,,
124,KRW-BTC,2024-09-26T00:00:00,2024-09-26T09:00:00,84362000.0,86602000.0,83800000.0,86000000.0,2024-09-26 09:00:00,244700921914.2255,2865.16236011,84362000.0,1638000.0,0.0194163249,,80292240.0,80255566.66666667,KRW-BTC,2024-09-26T00:00:00,2024-09-26T09:00:00,84362000.0,86602000.0,83800000.0,86000000.0,244700921914.2255,2865.16236011,84362000.0,1638000.0,0.0194163249,,83305000.0,79401000.0,82991500.0,84600000.0,,,,
125,KRW-BTC,2024-09-27T00:00:00,2024-09-27T09:00:00,85948000.0,87410000.0,85877000.0,86958000.0,2024-09-27 09:00:00,213547052709.95197,2462.85215474,86000000.0,958000.0,0.0111395349,,80562360.0,80468533.33333333,KRW-BTC,2024-09-27T00:00:00,2024-09-27T09:00:00,85948000.0,87410000.0,85877000.0,86958000.0,213547052709.95197,2462.85215474,86000000.0,958000.0,0.0111395349,,84848000.0,79805000.0,82760250.0,84600000.0,,,,
126,KRW-BTC,2024-09-28T00:00:00,2024-09-28T09:00:00,86958000.0,87250000.0,86003000.0,86732000.0,2024-09-28 09:00:00,128540643136.82378,1483.00508773,86958000.0,-226000.0,-0.0025989558,,80900760.0,80666600.0,KRW-BTC,2024-09-28T00:00:00,2024-09-28T09:00:00,86958000.0,87250000.0,86003000.0,86732000.0,128540643136.82378,1483.00508773,86958000.0,-226000.0,-0.0025989558,,85393500.0,79805000.0,82783750.0,84600000.0,,,,
127,KRW-BTC,2024-09-29T00:00:00,2024-09-29T09:00:00,86731000.0,86891000.0,85800000.0,85958000.0,2024-09-29 09:00:00,102657137024.75742,1188.41412224,86732000.0,-774000.0,-0.0089240419,,81189520.0,80850566.66666667,KRW-BTC,2024-09-29T00:00:00,2024-09-29T09:00:00,86731000.0,86891000.0,85800000.0,85958000.0,102657137024.75742,1188.41412224,86732000.0,-774000.0,-0.0089240419,,85405500.0,79805000.0,82494500.0,84600000.0,,,,
128,KRW-BTC,2024-09-30T00:00:00,2024-09-30T09:00:00,85958000.0,85958000.0,83061000.0,83730000.0,2024-09-30 09:00:00,263683386847.1853,3131.32274904,85958000.0,-2228000.0,-0.0259196352,,81485520.0,80966166.66666667,KRW-BTC,2024-09-30T00:00:00,2024-09-30T09:00:00,85958000.0,85958000.0,83061000.0,83730000.0,263683386847.1853,3131.32274904,85958000.0,-2228000.0,-0.0259196352,,85235500.0,79805000.0,81067250.0,84600000.0,,,,
129,KRW-BTC,2024-10-01T00:00:00,2024-10-01T09:00:00,83730000.0,84884000.0,80844000.0,81500000.0,2024-10-01 09:00:00,336112162482.81934,4057.42297213,83730000.0,-2230000.0,-0.0266332258,,81799760.0,81072800.0,KRW-BTC,2024-10-01T00:00:00,2024-10-01T09:00:00,83730000.0,84884000.0,80844000.0,81500000.0,336112162482.81934,4057.42297213,83730000.0,-2230000.0,-0.0266332258,,84127000.0,79805000.0,80419750.0,84600000.0,,,,
130,KRW-BTC,2024-10-02T00:00:00,2024-10-02T09:00:00,81500000.0,83300000.0,80940000.0,81707000.0,2024-10-02 09:00:00,236838955693.58624,2890.80470844,81500000.0,207000.0,0.0025398773,,82122440.0,81122866.66666667,KRW-BTC,2024-10-02T00:00:00,2024-10-02T09:00:00,81500000.0,83300000.0,80940000.0,81707000.0,236838955693.58624,2890.80470844,81500000.0,207000.0,0.0025398773,,84127000.0,80201000.0,78519750.0,84600000.0,,,,
131,KRW-BTC,2024-10-03T00:00:00,2024-10-03T09:00:00,81707000.0,82700000.0,81302000.0,82424000.0,2024-10-03 09:00:00,149578179974.47787,1821.57540109,81707000.0,717000.0,0.0087752579,,82441920.0,81261266.66666667,KRW-BTC,2024-10-03T00:00:00,2024-10-03T09:00:00,81707000.0,82700000.0,81302000.0,82424000.0,149578179974.47787,1821.57540109,81707000.0,717000.0,0.0087752579,,84127000.0,80201000.0,78157250.0,84600000.0,,,,
132,KRW-BTC,2024-10-04T00:00:00,2024-10-04T09:00:00,82401000.0,84300000.0,82038000.0,83805000.0,2024-10-04 09:00:00,181091795326.97305,2177.10847718,82424000.0,1381000.0,0.0167548287,,82703120.0,81430133.33333333,KRW-BTC,2024-10-04T00:00:00,2024-10-04T09:00:00,82401000.0,84300000.0,82038000.0,83805000.0,181091795326.97305,2177.10847718,82424000.0,1381000.0,0.0167548287,,84127000.0,80751500.0,78120000.0,84600000.0,,,,
133,KRW-BTC,2024-10-05T00:00:00,2024-10-05T09:00:00,83804000.0,84190000.0,83511000.0,83956000.0,2024-10-05 09:00:00,65173151136.41679,776.76532606,83805000.0,151000.0,0.0018018018,,82937800.0,81684333.33333333,KRW-BTC,2024-10-05T00:00:00,2024-10-05T09:00:00,83804000.0,84190000.0,83511000.0,83956000.0,65173151136.41679,776.76532606,83805000.0,151000.0,0.0018018018,,84127000.0,81395000.0,78120000.0,84600000.0,,,,
134,KRW-BTC,2024-10-06T00:00:00,2024-10-06T09:00:00,83997000.0,84710000.0,83600000.0,84533000.0,2024-10-06 09:00:00,83382761433.05855,990.98870219,83956000.0,577000.0,0.0068726476,,83227080.0,82047300.0,KRW-BTC,2024-10-06T00:00:00,2024-10-06T09:00:00,83997000.0,84710000.0,83600000.0,84533000.0,83382761433.05855,990.98870219,83956000.0,577000.0,0.0068726476,,84047000.0,81395000.0,78120000.0,84600000.0,,,,
135,KRW-BTC,2024-10-07T00:00:00,2024-10-07T09:00:00,84436000.0,86301000.0,83884000.0,83942000.0,2024-10-07 09:00:00,237451217198.9837,2788.21491807,84533000.0,-591000.0,-0.0069913525,,83454000.0,82390700.0,KRW-BTC,2024-10-07T00:00:00,2024-10-07T09:00:00,84436000.0,86301000.0,83884000.0,83942000.0,237451217198.9837,2788.21491807,84533000.0,-591000.0,-0.0069913525,,83867500.0,82355000.0,78120000.0,84600000.0,,,,
136,KRW-BTC,2024-10-08T00:00:00,2024-10-08T09:00:00,83942000.0,85270000.0,83848000.0,84139000.0,2024-10-08 09:00:00,121453629364.64726,1438.91380709,83942000.0,197000.0,0.0023468585,,83582360.0,82714100.0,KRW-BTC,2024-10-08T00:00:00,2024-10-08T09:00:00,83942000.0,85270000.0,83848000.0,84139000.0,121453629364.64726,1438.91380709,83942000.0,197000.0,0.0023468585,,83572500.0,82555000.0,77669750.0,84600000.0,,,,
137,KRW-BTC,2024-10-09T00:00:00,2024-10-09T09:00:00,84139000.0,84500000.0,82187000.0,82385000.0,2024-10-09 09:00:00,135554834915.67761,1623.29835868,84139000.0,-1754000.0,-0.0208464565,,83656800.0,82884433.33333333,KRW-BTC,2024-10-09T00:00:00,2024-10-09T09:00:00,84139000.0,84500000.0,82187000.0,82385000.0,135554834915.67761,1623.29835868,84139000.0,-1754000.0,-0.0208464565,,83572500.0,82575000.0,78119750.0,84600000.0,,,,
138,KRW-BTC,2024-10-10T00:00:00,2024-10-10T09:00:00,82383000.0,83127000.0,80635000.0,82131000.0,2024-10-10 09:00:00,185681130897.78085,2261.63071429,82385000.0,-254000.0,-0.0030830855,,83754440.0,83019166.66666667,KRW-BTC,2024-10-10T00:00:00,2024-10-10T09:00:00,82383000.0,83127000.0,80635000.0,82131000.0,185681130897.78085,2261.63071429,82385000.0,-254000.0,-0.0030830855,,83468000.0,82575000.0,78138250.0,84600000.0,,,,
139,KRW-BTC,2024-10-11T00:00:00,2024-10-11T09:00:00,82131000.0,85474000.0,81749000.0,84451000.0,2024-10-11 09:00:00,191651388216.23724,2292.25174675,82131000.0,2320000.0,0.0282475557,,83993720.0,83257500.0,KRW-BTC,2024-10-11T00:00:00,2024-10-11T09:00:00,82131000.0,85474000.0,81749000.0,84451000.0,191651388216.23724,2292.25174675,82131000.0,2320000.0,0.0282475557,,83468000.0,82575000.0,78336250.0,84600000.0,,,,
140,KRW-BTC,2024-10-12T00:00:00,2024-10-12T09:00:00,84450000.0,85250000.0,84330000.0,84956000.0,2024-10-12 09:00:00,104865794502.29797,1236.13303613,84451000.0,505000.0,0.0059797989,,84147320.0,83480400.0,KRW-BTC,2024-10-12T00:00:00,2024-10-12T09:00:00,84450000.0,85250000.0,84330000.0,84956000.0,104865794502.29797,1236.13303613,84451000.0,505000.0,0.0059797989,,83468000.0,82592000.0,78336250.0,84600000.0,,,,
141,KRW-BTC,2024-10-13T00:00:00,2024-10-13T09:00:00,84997000.0,85181000.0,83890000.0,84806000.0,2024-10-13 09:00:00,85233068272.26575,1007.64328314,84956000.0,-150000.0,-0.0017656199,,84235400.0,83609600.0,KRW-BTC,2024-10-13T00:00:00,2024-10-13T09:00:00,84997000.0,85181000.0,83890000.0,84806000.0,85233068272.26575,1007.64328314,84956000.0,-150000.0,-0.0017656199,,83468000.0,83709000.0,78909000.0,84600000.0,,,,
142,KRW-BTC,2024-10-14T00:00:00,2024-10-14T09:00:00,84782000.0,88963000.0,84300000.0,88640000.0,2024-10-14 09:00:00,392356925183.8489,4502.93766545,84806000.0,3834000.0,0.0452090654,,84425320.0,83880133.33333333,KRW-BTC,2024-10-14T00:00:00,2024-10-14T09:00:00,84782000.0,88963000.0,84300000.0,88640000.0,392356925183.8489,4502.93766545,84806000.0,3834000.0,0.0452090654,,84799000.0,84799000.0,79294250.0,84600000.0,,,,
143,KRW-BTC,2024-10-15T00:00:00,2024-10-15T09:00:00,88640000.0,91531000.0,87510000.0,90600000.0,2024-10-15 09:00:00,475365534131.7573,5320.08065393,88640000.0,1960000.0,0.0221119134,,84673920.0,84243800.0,KRW-BTC,2024-10-15T00:00:00,2024-10-15T09:00:00,88640000.0,91531000.0,87510000.0,90600000.0,475365534131.7573,5320.08065393,88640000.0,1960000.0,0.0221119134,,86083000.0,86083000.0,79889750.0,82989000.0,,,,
144,KRW-BTC,2024-10-16T00:00:00,2024-10-16T09:00:00,90518000.0,92350000.0,90194000.0,91610000.0,2024-10-16 09:00:00,300845392783.4781,3290.95467218,90600000.0,1010000.0,0.0111479029,,84961320.0,84681833.33333333,KRW-BTC,2024-10-16T00:00:00,2024-10-16T09:00:00,90518000.0,92350000.0,90194000.0,91610000.0,300845392783.4781,3290.95467218,90600000.0,1010000.0,0.0111479029,,86492500.0,86492500.0,80376750.0,82699000.0,,,,
145,KRW-BTC,2024-10-17T00:00:00,2024-10-17T09:00:00,91610000.0,92000000.0,91150000.0,91725000.0,2024-10-17 09:00:00,198466118818.0868,2166.90172052,91610000.0,115000.0,0.0012553215,,85237160.0,85035466.66666667,KRW-BTC,2024-10-17T00:00:00,2024-10-17T09:00:00,91610000.0,92000000.0,91150000.0,91725000.0,198466118818.0868,2166.90172052,91610000.0,115000.0,0.0012553215,,86492500.0,86492500.0,80214000.0,82200000.0,,,,
146,KRW-BTC,2024-10-18T00:00:00,2024-10-18T09:00:00,91758000.0,93697000.0,91510000.0,93330000.0,2024-10-18 09:00:00,250778556476.78455,2703.40345601,91725000.0,1605000.0,0.0174979558,,85585120.0,85393000.0,KRW-BTC,2024-10-18T00:00:00,2024-10-18T09:00:00,91758000.0,93697000.0,91510000.0,93330000.0,250778556476.78455,2703.40345601,91725000.0,1605000.0,0.0174979558,,87166000.0,87166000.0,80235000.0,82150000.0,,,,
147,KRW-BTC,2024-10-19T00:00:00,2024-10-19T09:00:00,93358000.0,93593000.0,92769000.0,93322000.0,2024-10-19 09:00:00,112257624816.85332,1204.1436611,93330000.0,-8000.0,-8.57173e-05,,85908080.0,85707333.33333333,KRW-BTC,2024-10-19T00:00:00,2024-10-19T09:00:00,93358000.0,93593000.0,92769000.0,93322000.0,112257624816.85332,1204.1436611,93330000.0,-8000.0,-8.57173e-05,,87723000.0,87166000.0,80610000.0,80040000.0,,,,
148,KRW-BTC,2024-10-20T00:00:00,2024-10-20T09:00:00,93322000.0,94299000.0,92956000.0,93901000.0,2024-10-20 09:00:00,165259971452.53424,1766.03106746,93322000.0,579000.0,0.0062043248,,86289640.0,86024533.33333333,KRW-BTC,2024-10-20T00:00:00,2024-10-20T09:00:00,93322000.0,94299000.0,92956000.0,93901000.0,165259971452.53424,1766.03106746,93322000.0,579000.0,0.0062043248,,89094500.0,87467000.0,80610000.0,80040000.0,,,,
149,KRW-BTC,2024-10-21T00:00:00,2024-10-21T09:00:00,93901000.0,94456000.0,91459000.0,92161000.0,2024-10-21 09:00:00,324857725696.1088,3492.66954786,93901000.0,-1740000.0,-0.0185301541,,86536080.0,86282400.0,KRW-BTC,2024-10-21T00:00:00,2024-10-21T09:00:00,93901000.0,94456000.0,91459000.0,92161000.0,324857725696.1088,3492.66954786,93901000.0,-1740000.0,-0.0185301541,,89173000.0,87545500.0,80618500.0,80040000.0,,,,
150,KRW-BTC,2024-10-22T00:00:00,2024-10-22T09:00:00,92161000.0,93380000.0,91090000.0,92877000.0,2024-10-22 09:00:00,220756238977.91486,2390.90338556,92161000.0,716000.0,0.0077690129,,86772840.0,86550666.66666667,KRW-BTC,2024-10-22T00:00:00,2024-10-22T09:00:00,92161000.0,93380000.0,91090000.0,92877000.0,220756238977.91486,2390.90338556,92161000.0,716000.0,0.0077690129,,89378000.0,87545500.0,81353000.0,80090000.0,,,,
151,KRW-BTC,2024-10-23T00:00:00,2024-10-23T09:00:00,92877000.0,93000000.0,90860000.0,92375000.0,2024-10-23 09:00:00,199665847457.3109,2169.77076181,92877000.0,-502000.0,-0.005404998,,86998560.0,86808800.0,KRW-BTC,2024-10-23T00:00:00,2024-10-23T09:00:00,92877000.0,93000000.0,90860000.0,92375000.0,199665847457.3109,2169.77076181,92877000.0,-502000.0,-0.005404998,,90983000.0,87545500.0,82326500.0,80090000.0,,,,
152,KRW-BTC,2024-10-24T00:00:00,2024-10-24T09:00:00,92375000.0,94699000.0,92080000.0,94077000.0,2024-10-24 09:00:00,230528066716.63248,2468.54308221,92375000.0,1702000.0,0.0184248985,,87323320.0,87103100.0,KRW-BTC,2024-10-24T00:00:00,2024-10-24T09:00:00,92375000.0,94699000.0,92080000.0,94077000.0,230528066716.63248,2468.54308221,92375000.0,1702000.0,0.0184248985,,92446500.0,87667000.0,82599250.0,80090000.0,,,,
153,KRW-BTC,2024-10-25T00:00:00,2024-10-25T09:00:00,94077000.0,95143000.0,92432000.0,93762000.0,2024-10-25 09:00:00,324322657135.6851,3453.26947882,94077000.0,-315000.0,-0.0033483211,,87724600.0,87416433.33333333,KRW-BTC,2024-10-25T00:00:00,2024-10-25T09:00:00,94077000.0,95143000.0,92432000.0,93762000.0,324322657135.6851,3453.26947882,94077000.0,-315000.0,-0.0033483211,,93001500.0,87889000.0,82605250.0,79805000.0,,,,
154,KRW-BTC,2024-10-26T00:00:00,2024-10-26T09:00:00,93762000.0,94298000.0,93297000.0,93993000.0,2024-10-26 09:00:00,110975712520.31711,1181.9583116,93762000.0,231000.0,0.0024636846,,88224320.0,87682866.66666667,KRW-BTC,2024-10-26T00:00:00,2024-10-26T09:00:00,93762000.0,94298000.0,93297000.0,93993000.0,110975712520.31711,1181.9583116,93762000.0,231000.0,0.0024636846,,93001500.0,87889000.0,82520250.0,79805000.0,,,,
155,KRW-BTC,2024-10-27T00:00:00,2024-10-27T09:00:00,93993000.0,95120000.0,93900000.0,94819000.0,2024-10-27 09:00:00,133501091993.42345,1412.77364621,93993000.0,826000.0,0.0087878885,,88748800.0,87944900.0,KRW-BTC,2024-10-27T00:00:00,2024-10-27T09:00:00,93993000.0,95120000.0,93900000.0,94819000.0,133501091993.42345,1412.77364621,93993000.0,826000.0,0.0087878885,,93001500.0,87889000.0,81966000.0,79805000.0,,,,
156,KRW-BTC,2024-10-28T00:00:00,2024-10-28T09:00:00,94824000.0,97714000.0,94520000.0,97401000.0,2024-10-28 09:00:00,330946884900.9437,3447.08968512,94819000.0,2582000.0,0.0272308293,,89347880.0,88300533.33333333,KRW-BTC,2024-10-28T00:00:00,2024-10-28T09:00:00,94824000.0,97714000.0,94520000.0,97401000.0,330946884900.9437,3447.08968512,94819000.0,2582000.0,0.0272308293,,94287000.0,89174500.0,82164000.0,79805000.0,,,,
157,KRW-BTC,2024-10-29T00:00:00,2024-10-29T09:00:00,97401000.0,102158000.0,97200000.0,101305000.0,2024-10-29 09:00:00,567661752603.4331,5694.58179714,97401000.0,3904000.0,0.040081724,,90047880.0,88812100.0,KRW-BTC,2024-10-29T00:00:00,2024-10-29T09:00:00,97401000.0,102158000.0,97200000.0,101305000.0,567661752603.4331,5694.58179714,97401000.0,3904000.0,0.040081724,,96509000.0,91396500.0,82164000.0,79805000.0,,,,
158,KRW-BTC,2024-10-30T00:00:00,2024-10-30T09:00:00,101300000.0,101305000.0,99135000.0,100571000.0,2024-10-30 09:00:00,344734758766.32104,3437.3159675,101305000.0,-734000.0,-0.0072454469,,90712480.0,89373466.66666667,KRW-BTC,2024-10-30T00:00:00,2024-10-30T09:00:00,101300000.0,101305000.0,99135000.0,100571000.0,344734758766.32104,3437.3159675,101305000.0,-734000.0,-0.0072454469,,96509000.0,91396500.0,82439250.0,79805000.0,,,,
159,KRW-BTC,2024-10-31T00:00:00,2024-10-31T09:00:00,100571000.0,100893000.0,97300000.0,98112000.0,2024-10-31 09:00:00,364198594030.4766,3670.22663296,100571000.0,-2459000.0,-0.0244503883,,91255640.0,89927200.0,KRW-BTC,2024-10-31T00:00:00,2024-10-31T09:00:00,100571000.0,100893000.0,97300000.0,98112000.0,364198594030.4766,3670.22663296,100571000.0,-2459000.0,-0.0244503883,,96509000.0,91396500.0,82761000.0,79805000.0,,,,
160,KRW-BTC,2024-11-01T00:00:00,2024-11-01T09:00:00,98112000.0,99758000.0,95520000.0,97285000.0,2024-11-01 09:00:00,472387488519.2129,4850.88260337,98112000.0,-827000.0,-0.0084291422,,91789360.0,90446466.66666667,KRW-BTC,2024-11-01T00:00:00,2024-11-01T09:00:00,98112000.0,99758000.0,95520000.0,97285000.0,472387488519.2129,4850.88260337,98112000.0,-827000.0,-0.0084291422,,97119000.0,91396500.0,82721000.0,79805000.0,,,,
161,KRW-BTC,2024-11-02T00:00:00,2024-11-02T09:00:00,97331000.0,97999000.0,96825000.0,97205000.0,2024-11-02 09:00:00,138251166859.1501,1419.21063313,97285000.0,-80000.0,-0.0008223262,,92312000.0,90939166.66666667,KRW-BTC,2024-11-02T00:00:00,2024-11-02T09:00:00,97331000.0,97999000.0,96825000.0,97205000.0,138251166859.1501,1419.21063313,97285000.0,-80000.0,-0.0008223262,,97295000.0,91396500.0,83111250.0,79805000.0,,,,
162,KRW-BTC,2024-11-03T00:00:00,2024-11-03T09:00:00,97205000.0,97232000.0,93905000.0,95883000.0,2024-11-03 09:00:00,416376735248.19946,4358.15713691,97205000.0,-1322000.0,-0.0136001235,,92851920.0,91341766.66666667,KRW-BTC,2024-11-03T00:00:00,2024-11-03T09:00:00,97205000.0,97232000.0,93905000.0,95883000.0,416376735248.19946,4358.15713691,97205000.0,-1322000.0,-0.0136001235,,97727500.0,91396500.0,83063750.0,79805000.0,,,,
163,KRW-BTC,2024-11-04T00:00:00,2024-11-04T09:00:00,95987000.0,96803000.0,93083000.0,94289000.0,2024-11-04 09:00:00,337921974474.5364,3556.89181882,95883000.0,-1594000.0,-0.0166244277,,93338240.0,91686200.0,KRW-BTC,2024-11-04T00:00:00,2024-11-04T09:00:00,95987000.0,96803000.0,93083000.0,94289000.0,337921974474.5364,3556.89181882,95883000.0,-1594000.0,-0.0166244277,,97620500.0,91396500.0,83073750.0,79805000.0,,,,
164,KRW-BTC,2024-11-05T00:00:00,2024-11-05T09:00:00,94289000.0,98074000.0,93958000.0,96170000.0,2024-11-05 09:00:00,460604127860.6611,4785.81750822,94289000.0,1881000.0,0.0199493048,,93807000.0,92074100.0,KRW-BTC,2024-11-05T00:00:00,2024-11-05T09:00:00,94289000.0,98074000.0,93958000.0,96170000.0,460604127860.6611,4785.81750822,94289000.0,1881000.0,0.0199493048,,97620500.0,91953500.0,83021500.0,79805000.0,,,,
165,KRW-BTC,2024-11-06T00:00:00,2024-11-06T09:00:00,96196000.0,104395000.0,96104000.0,104085000.0,2024-11-06 09:00:00,1745207534538.4504,17173.68278488,96170000.0,7915000.0,0.0823021732,,94572160.0,92745533.33333333,KRW-BTC,2024-11-06T00:00:00,2024-11-06T09:00:00,96196000.0,104395000.0,96104000.0,104085000.0,1745207534538.4504,17173.68278488,96170000.0,7915000.0,0.0823021732,,98739000.0,94142500.0,83021500.0,79805000.0,,,,
166,KRW-BTC,2024-11-07T00:00:00,2024-11-07T09:00:00,104085000.0,104999000.0,102290000.0,104115000.0,2024-11-07 09:00:00,572085674515.601,5517.18974843,104085000.0,30000.0,0.000288226,,95344520.0,93411400.0,KRW-BTC,2024-11-07T00:00:00,2024-11-07T09:00:00,104085000.0,104999000.0,102290000.0,104115000.0,572085674515.601,5517.18974843,104085000.0,30000.0,0.000288226,,99041000.0,94444500.0,83030000.0,79805000.0,,,,
167,KRW-BTC,2024-11-08T00:00:00,2024-11-08T09:00:00,104177000.0,107591000.0,104109000.0,106843000.0,2024-11-08 09:00:00,539366060581.3163,5104.85574163,104115000.0,2728000.0,0.0262017961,,96072640.0,94226666.66666667,KRW-BTC,2024-11-08T00:00:00,2024-11-08T09:00:00,104177000.0,107591000.0,104109000.0,106843000.0,539366060581.3163,5104.85574163,104115000.0,2728000.0,0.0262017961,,100337000.0,95945500.0,83588500.0,79805000.0,,,,
168,KRW-BTC,2024-11-09T00:00:00,2024-11-09T09:00:00,106845000.0,106990000.0,105873000.0,106294000.0,2024-11-09 09:00:00,287678813640.0703,2702.45288762,106843000.0,-549000.0,-0.0051383806,,96700400.0,95032100.0,KRW-BTC,2024-11-09T00:00:00,2024-11-09T09:00:00,106845000.0,106990000.0,105873000.0,106294000.0,287678813640.0703,2702.45288762,106843000.0,-549000.0,-0.0051383806,,100337000.0,97550500.0,84799000.0,80581500.0,,,,
169,KRW-BTC,2024-11-10T00:00:00,2024-11-10T09:00:00,106294000.0,112470000.0,106050000.0,111440000.0,2024-11-10 09:00:00,889548072877.27,8111.0365608,106294000.0,5146000.0,0.0484128925,,97493600.0,95931733.33333333,KRW-BTC,2024-11-10T00:00:00,2024-11-10T09:00:00,106294000.0,112470000.0,106050000.0,111440000.0,889548072877.27,8111.0365608,106294000.0,5146000.0,0.0484128925,,102776500.0,101332000.0,86083000.0,81865500.0,,,,
170,KRW-BTC,2024-11-11T00:00:00,2024-11-11T09:00:00,111440000.0,125073000.0,111273000.0,124503000.0,2024-11-11 09:00:00,1413170980237.1287,12056.83132426,111440000.0,13063000.0,0.1172200287,,98804720.0,97249966.66666667,KRW-BTC,2024-11-11T00:00:00,2024-11-11T09:00:00,111440000.0,125073000.0,111273000.0,124503000.0,1413170980237.1287,12056.83132426,111440000.0,13063000.0,0.1172200287,,109078000.0,107966500.0,86492500.0,82275000.0,,,,
171,KRW-BTC,2024-11-12T00:00:00,2024-11-12T09:00:00,124476000.0,128010000.0,118864000.0,124967000.0,2024-11-12 09:00:00,2115375980647.706,17037.75956278,124503000.0,464000.0,0.0037268178,,100070200.0,98588666.66666667,KRW-BTC,2024-11-12T00:00:00,2024-11-12T09:00:00,124476000.0,128010000.0,118864000.0,124967000.0,2115375980647.706,17037.75956278,124503000.0,464000.0,0.0037268178,,110546500.0,109435000.0,86492500.0,82275000.0,,,,
172,KRW-BTC,2024-11-13T00:00:00,2024-11-13T09:00:00,124951000.0,131041000.0,122771000.0,128111000.0,2024-11-13 09:00:00,1421545614830.135,11214.08048901,124967000.0,3144000.0,0.0251586419,,101461760.0,99904366.66666667,KRW-BTC,2024-11-13T00:00:00,2024-11-13T09:00:00,124951000.0,131041000.0,122771000.0,128111000.0,1421545614830.135,11214.08048901,124967000.0,3144000.0,0.0251586419,,112499500.0,110950500.0,87166000.0,82948500.0,,,,
173,KRW-BTC,2024-11-14T00:00:00,2024-11-14T09:00:00,128111000.0,130500000.0,121674000.0,123572000.0,2024-11-14 09:00:00,1165804427242.5054,9173.07983888,128111000.0,-4539000.0,-0.0354302129,,102648600.0,101003433.33333333,KRW-BTC,2024-11-14T00:00:00,2024-11-14T09:00:00,128111000.0,130500000.0,121674000.0,123572000.0,1165804427242.5054,9173.07983888,128111000.0,-4539000.0,-0.0354302129,,113572500.0,110950500.0,87444500.0,82948500.0,,,,
174,KRW-BTC,2024-11-15T00:00:00,2024-11-15T09:00:00,123543000.0,128950000.0,123370000.0,128236000.0,2024-11-15 09:00:00,750816994986.7344,5943.50915703,123572000.0,4664000.0,0.0377431781,,104091600.0,102224300.0,KRW-BTC,2024-11-15T00:00:00,2024-11-15T09:00:00,123543000.0,128950000.0,123370000.0,128236000.0,750816994986.7344,5943.50915703,123572000.0,4664000.0,0.0377431781,,116665500.0,110950500.0,88280750.0,83249500.0,,,,
175,KRW-BTC,2024-11-16T00:00:00,2024-11-16T09:00:00,128128000.0,129103000.0,126090000.0,127071000.0,2024-11-16 09:00:00,499883409180.5182,3914.09648698,128236000.0,-1165000.0,-0.0090848124,,105459360.0,103402500.0,KRW-BTC,2024-11-16T00:00:00,2024-11-16T09:00:00,128128000.0,129103000.0,126090000.0,127071000.0,499883409180.5182,3914.09648698,128236000.0,-1165000.0,-0.0090848124,,117575000.0,110950500.0,88359250.0,83328000.0,,,,
176,KRW-BTC,2024-11-17T00:00:00,2024-11-17T09:00:00,127130000.0,128000000.0,125252000.0,126472000.0,2024-11-17 09:00:00,421512902761.08,3321.82583352,127071000.0,-599000.0,-0.0047139001,,106823240.0,104507233.33333333,KRW-BTC,2024-11-17T00:00:00,2024-11-17T09:00:00,127130000.0,128000000.0,125252000.0,126472000.0,421512902761.08,3321.82583352,127071000.0,-599000.0,-0.0047139001,,118457000.0,110950500.0,88461750.0,83328000.0,,,,
177,KRW-BTC,2024-11-18T00:00:00,2024-11-18T09:00:00,126469000.0,128895000.0,126133000.0,127142000.0,2024-11-18 09:00:00,660914839727.5431,5182.38906938,126472000.0,670000.0,0.0052976153,,108145840.0,105634566.66666667,KRW-BTC,2024-11-18T00:00:00,2024-11-18T09:00:00,126469000.0,128895000.0,126133000.0,127142000.0,660914839727.5431,5182.38906938,126472000.0,670000.0,0.0052976153,,118545500.0,111560500.0,89264250.0,83328000.0,,,,
178,KRW-BTC,2024-11-19T00:00:00,2024-11-19T09:00:00,127142000.0,130998000.0,127050000.0,129720000.0,2024-11-19 09:00:00,649348478627.2478,5034.84094069,127142000.0,2578000.0,0.0202765412,,109584160.0,106828533.33333333,KRW-BTC,2024-11-19T00:00:00,2024-11-19T09:00:00,127142000.0,130998000.0,127050000.0,129720000.0,649348478627.2478,5034.84094069,127142000.0,2578000.0,0.0202765412,,121157000.0,111736500.0,90056750.0,83449500.0,,,,
179,KRW-BTC,2024-11-20T00:00:00,2024-11-20T09:00:00,129711000.0,133328000.0,128448000.0,133180000.0,2024-11-20 09:00:00,778377471488.7765,5931.35430049,129720000.0,3460000.0,0.0266728338,,111151640.0,108195833.33333333,KRW-BTC,2024-11-20T00:00:00,2024-11-20T09:00:00,129711000.0,133328000.0,128448000.0,133180000.0,778377471488.7765,5931.35430049,129720000.0,3460000.0,0.0266728338,,126096000.0,113205500.0,90445250.0,83671500.0,,,,
180,KRW-BTC,2024-11-21T00:00:00,2024-11-21T09:00:00,133180000.0,138707000.0,133001000.0,137050000.0,2024-11-21 09:00:00,1413215255697.4194,10359.96751008,133180000.0,3870000.0,0.0290584172,,112840880.0,109668266.66666667,KRW-BTC,2024-11-21T00:00:00,2024-11-21T09:00:00,133180000.0,138707000.0,133001000.0,137050000.0,1413215255697.4194,10359.96751008,133180000.0,3870000.0,0.0290584172,,130190500.0,115895000.0,90445250.0,83671500.0,,,,
181,KRW-BTC,2024-11-22T00:00:00,2024-11-22T09:00:00,137050000.0,138770000.0,129500000.0,136879000.0,2024-11-22 09:00:00,1212497778066.893,8879.19477738,137050000.0,-171000.0,-0.0012477198,,114420000.0,111151733.33333333,KRW-BTC,2024-11-22T00:00:00,2024-11-22T09:00:00,137050000.0,138770000.0,129500000.0,136879000.0,1212497778066.893,8879.19477738,137050000.0,-171000.0,-0.0012477198,,130222000.0,115926500.0,90445250.0,83671500.0,,,,
182,KRW-BTC,2024-11-23T00:00:00,2024-11-23T09:00:00,136879000.0,137178000.0,134195000.0,136000000.0,2024-11-23 09:00:00,649192517920.03,4775.60238543,136879000.0,-879000.0,-0.0064217301,,115807800.0,112549166.66666667,KRW-BTC,2024-11-23T00:00:00,2024-11-23T09:00:00,136879000.0,137178000.0,134195000.0,136000000.0,649192517920.03,4775.60238543,136879000.0,-879000.0,-0.0064217301,,131070000.0,115926500.0,91730750.0,85353000.0,,,,
183,KRW-BTC,2024-11-24T00:00:00,2024-11-24T09:00:00,136000000.0,137000000.0,131501000.0,136096000.0,2024-11-24 09:00:00,856406820436.9347,6366.61145855,136000000.0,96000.0,0.0007058824,,117228800.0,113960300.0,KRW-BTC,2024-11-24T00:00:00,2024-11-24T09:00:00,136000000.0,137000000.0,131501000.0,136096000.0,856406820436.9347,6366.61145855,136000000.0,96000.0,0.0007058824,,132011000.0,115926500.0,93952750.0,87575000.0,,,,
184,KRW-BTC,2024-11-25T00:00:00,2024-11-25T09:00:00,136110000.0,136169000.0,129688000.0,129791000.0,2024-11-25 09:00:00,712473615692.348,5347.73938417,136096000.0,-6305000.0,-0.0463275923,,118495960.0,115153566.66666667,KRW-BTC,2024-11-25T00:00:00,2024-11-25T09:00:00,136110000.0,136169000.0,129688000.0,129791000.0,712473615692.348,5347.73938417,136096000.0,-6305000.0,-0.0463275923,,132011000.0,115926500.0,93952750.0,88125500.0,,,,
185,KRW-BTC,2024-11-26T00:00:00,2024-11-26T09:00:00,129791000.0,132579000.0,127416000.0,128783000.0,2024-11-26 09:00:00,915544005066.4463,7063.28251032,129791000.0,-1008000.0,-0.007766332,,119755880.0,116285700.0,KRW-BTC,2024-11-26T00:00:00,2024-11-26T09:00:00,129791000.0,132579000.0,127416000.0,128783000.0,915544005066.4463,7063.28251032,129791000.0,-1008000.0,-0.007766332,,132451500.0,115926500.0,93952750.0,88769000.0,,,,
186,KRW-BTC,2024-11-27T00:00:00,2024-11-27T09:00:00,128800000.0,134300000.0,127900000.0,132999000.0,2024-11-27 09:00:00,572062774905.5735,4363.00829391,128783000.0,4216000.0,0.0327372402,,121187640.0,117472300.0,KRW-BTC,2024-11-27T00:00:00,2024-11-27T09:00:00,128800000.0,134300000.0,127900000.0,132999000.0,572062774905.5735,4363.00829391,128783000.0,4216000.0,0.0327372402,,132910000.0,115926500.0,94257750.0,88769000.0,,,,
187,KRW-BTC,2024-11-28T00:00:00,2024-11-28T09:00:00,132999000.0,134577000.0,131438000.0,133138000.0,2024-11-28 09:00:00,391492800868.58124,2941.11026977,132999000.0,139000.0,0.0010451206,,122677840.0,118533400.0,KRW-BTC,2024-11-28T00:00:00,2024-11-28T09:00:00,132999000.0,134577000.0,131438000.0,133138000.0,391492800868.58124,2941.11026977,132999000.0,139000.0,0.0010451206,,133093000.0,115926500.0,94345750.0,89729000.0,,,,
188,KRW-BTC,2024-11-29T00:00:00,2024-11-29T09:00:00,133144000.0,136274000.0,132850000.0,134542000.0,2024-11-29 09:00:00,465090047941.26117,3455.81025362,133138000.0,1404000.0,0.0105454491,,124287960.0,119665766.66666667,KRW-BTC,2024-11-29T00:00:00,2024-11-29T09:00:00,133144000.0,136274000.0,132850000.0,134542000.0,465090047941.26117,3455.81025362,133138000.0,1404000.0,0.0105454491,,133093000.0,115926500.0,94562000.0,89929000.0,,,,
189,KRW-BTC,2024-11-30T00:00:00,2024-11-30T09:00:00,134542000.0,134809000.0,133600000.0,133701000.0,2024-11-30 09:00:00,318361460355.6218,2374.86697435,134542000.0,-841000.0,-0.0062508362,,125789200.0,120852066.66666667,KRW-BTC,2024-11-30T00:00:00,2024-11-30T09:00:00,134542000.0,134809000.0,133600000.0,133701000.0,318361460355.6218,2374.86697435,134542000.0,-841000.0,-0.0062508362,,133093000.0,116364000.0,94508500.0,89949000.0,,,,
190,KRW-BTC,2024-12-01T00:00:00,2024-12-01T09:00:00,133722000.0,135199000.0,133297000.0,133802000.0,2024-12-01 09:00:00,380928725281.3921,2835.14649803,133701000.0,101000.0,0.0007554169,,126977880.0,122069300.0,KRW-BTC,2024-12-01T00:00:00,2024-12-01T09:00:00,133722000.0,135199000.0,133297000.0,133802000.0,380928725281.3921,2835.14649803,133701000.0,101000.0,0.0007554169,,132297000.0,117437000.0,94787000.0,89949000.0,,,,
191,KRW-BTC,2024-12-02T00:00:00,2024-12-02T09:00:00,133802000.0,135800000.0,132260000.0,133535000.0,2024-12-02 09:00:00,718060616005.2106,5356.7748251,133802000.0,-267000.0,-0.0019954859,,128154680.0,123280300.0,KRW-BTC,2024-12-02T00:00:00,2024-12-02T09:00:00,133802000.0,135800000.0,132260000.0,133535000.0,718060616005.2106,5356.7748251,133802000.0,-267000.0,-0.0019954859,,132208000.0,120530000.0,96440750.0,91067500.0,,,,
192,KRW-BTC,2024-12-03T00:00:00,2024-12-03T09:00:00,133523000.0,134680000.0,88266000.0,133700000.0,2024-12-03 09:00:00,2304644374164.456,18097.08425608,133535000.0,165000.0,0.0012356311,,129228960.0,124540866.66666667,KRW-BTC,2024-12-03T00:00:00,2024-12-03T09:00:00,133523000.0,134680000.0,88266000.0,133700000.0,2304644374164.456,18097.08425608,133535000.0,165000.0,0.0012356311,,112270000.0,113518000.0,96742750.0,91386500.0,,,,
193,KRW-BTC,2024-12-04T00:00:00,2024-12-04T09:00:00,133720000.0,139920000.0,133499000.0,138760000.0,2024-12-04 09:00:00,948860236172.9866,6969.87081198,133700000.0,5060000.0,0.0378459237,,130527600.0,126023233.33333333,KRW-BTC,2024-12-04T00:00:00,2024-12-04T09:00:00,133720000.0,139920000.0,133499000.0,138760000.0,948860236172.9866,6969.87081198,133700000.0,5060000.0,0.0378459237,,114093000.0,114093000.0,98141250.0,93799500.0,,,,
194,KRW-BTC,2024-12-05T00:00:00,2024-12-05T09:00:00,138765000.0,146100000.0,134000000.0,137501000.0,2024-12-05 09:00:00,1924495041794.7664,13579.28987411,138760000.0,-1259000.0,-0.0090732199,,131570040.0,127400933.33333333,KRW-BTC,2024-12-05T00:00:00,2024-12-05T09:00:00,138765000.0,146100000.0,134000000.0,137501000.0,1924495041794.7664,13579.28987411,138760000.0,-1259000.0,-0.0090732199,,117183000.0,117183000.0,98943750.0,94113000.0,,,,
195,KRW-BTC,2024-12-06T00:00:00,2024-12-06T09:00:00,137501000.0,141502000.0,136000000.0,139340000.0,2024-12-06 09:00:00,854124438187.2275,6179.75810181,137501000.0,1839000.0,0.0133744482,,132163520.0,128576100.0,KRW-BTC,2024-12-06T00:00:00,2024-12-06T09:00:00,137501000.0,141502000.0,136000000.0,139340000.0,854124438187.2275,6179.75810181,137501000.0,1839000.0,0.0133744482,,117183000.0,117183000.0,102054250.0,96552500.0,,,,
196,KRW-BTC,2024-12-07T00:00:00,2024-12-07T09:00:00,139402000.0,140411000.0,137698000.0,138960000.0,2024-12-07 09:00:00,367591447543.71985,2646.58094433,139340000.0,-380000.0,-0.0027271422,,132723240.0,129737600.0,KRW-BTC,2024-12-07T00:00:00,2024-12-07T09:00:00,139402000.0,140411000.0,137698000.0,138960000.0,367591447543.71985,2646.58094433,139340000.0,-380000.0,-0.0027271422,,117183000.0,117183000.0,108522250.0,102854000.0,,,,
197,KRW-BTC,2024-12-08T00:00:00,2024-12-08T09:00:00,138970000.0,141400000.0,138620000.0,141005000.0,2024-12-08 09:00:00,359805956088.11163,2575.9253391,138960000.0,2045000.0,0.0147164652,,133239000.0,130876333.33333333,KRW-BTC,2024-12-08T00:00:00,2024-12-08T09:00:00,138970000.0,141400000.0,138620000.0,141005000.0,359805956088.11163,2575.9253391,138960000.0,2045000.0,0.0147164652,,117183000.0,117183000.0,109990750.0,104322500.0,,,,
198,KRW-BTC,2024-12-09T00:00:00,2024-12-09T09:00:00,141056000.0,141399000.0,135900000.0,138864000.0,2024-12-09 09:00:00,865791701454.2142,6238.33236659,141005000.0,-2141000.0,-0.0151838587,,133850680.0,131962000.0,KRW-BTC,2024-12-09T00:00:00,2024-12-09T09:00:00,141056000.0,141399000.0,135900000.0,138864000.0,865791701454.2142,6238.33236659,141005000.0,-2141000.0,-0.0151838587,,117183000.0,117183000.0,111725000.0,105838000.0,,,,
199,KRW-BTC,2024-12-10T00:00:00,2024-12-10T09:00:00,138934000.0,140000000.0,135490000.0,139699000.0,2024-12-10 09:00:00,432077288951.571,3123.86044547,138864000.0,835000.0,0.0060130775,,134309200.0,132903966.66666667,KRW-BTC,2024-12-10T00:00:00,2024-12-10T09:00:00,138934000.0,140000000.0,135490000.0,139699000.0,432077288951.571,3123.86044547,138864000.0,835000.0,0.0060130775,,117183000.0,117183000.0,112261500.0,105838000.0,,,,
